implementation,run,time_seconds
cuRAND,1,0.001130352
cuRAND,2,0.000921965
cuRAND,3,0.000947715
cuRAND,4,0.000946160
cuRAND,5,0.000931516
cuRAND,6,0.000916728
cuRAND,7,0.000887762
cuRAND,8,0.000888403
cuRAND,9,0.000887044
cuRAND,10,0.000874557
cuRAND,11,0.000898568
cuRAND,12,0.000929647
cuRAND,13,0.000933295
cuRAND,14,0.001073601
cuRAND,15,0.000924763
cuRAND,16,0.000909410
cuRAND,17,0.000960742
cuRAND,18,0.000897818
cuRAND,19,0.000887597
cuRAND,20,0.000941978
cuRAND,21,0.000919278
cuRAND,22,0.000895783
cuRAND,23,0.000880294
cuRAND,24,0.000886216
cuRAND,25,0.000880405
cuRAND,26,0.000884197
cuRAND,27,0.000914423
cuRAND,28,0.000880532
cuRAND,29,0.000903306
cuRAND,30,0.000889480
cuRAND,31,0.000882757
cuRAND,32,0.000878865
cuRAND,33,0.000920094
cuRAND,34,0.000919549
cuRAND,35,0.000908065
cuRAND,36,0.000927400
cuRAND,37,0.000893235
cuRAND,38,0.000924366
cuRAND,39,0.000928622
cuRAND,40,0.000875845
cuRAND,41,0.000886915
cuRAND,42,0.000852292
cuRAND,43,0.000871549
cuRAND,44,0.000945498
cuRAND,45,0.000866389
cuRAND,46,0.000881972
cuRAND,47,0.000929092
cuRAND,48,0.000921691
cuRAND,49,0.000883992
cuRAND,50,0.000938558
cuRAND,51,0.000913803
cuRAND,52,0.000910341
cuRAND,53,0.000915928
cuRAND,54,0.000889527
cuRAND,55,0.000906629
cuRAND,56,0.000917244
cuRAND,57,0.000883274
cuRAND,58,0.000952106
cuRAND,59,0.000919343
cuRAND,60,0.000885910
cuRAND,61,0.000864370
cuRAND,62,0.000902589
cuRAND,63,0.000986914
cuRAND,64,0.000897240
cuRAND,65,0.000923327
cuRAND,66,0.000945304
cuRAND,67,0.000933054
cuRAND,68,0.000871778
cuRAND,69,0.000906418
cuRAND,70,0.000942372
cuRAND,71,0.000917971
cuRAND,72,0.000936602
cuRAND,73,0.000914076
cuRAND,74,0.000926737
cuRAND,75,0.000899020
cuRAND,76,0.000885213
cuRAND,77,0.000892554
cuRAND,78,0.000862474
cuRAND,79,0.000860852
cuRAND,80,0.000860157
cuRAND,81,0.000859731
cuRAND,82,0.000907966
cuRAND,83,0.000971179
cuRAND,84,0.001017683
cuRAND,85,0.000889040
cuRAND,86,0.000865198
cuRAND,87,0.000900433
cuRAND,88,0.000882146
cuRAND,89,0.000894131
cuRAND,90,0.000884822
cuRAND,91,0.000909176
cuRAND,92,0.000862837
cuRAND,93,0.000902436
cuRAND,94,0.000861498
cuRAND,95,0.000874167
cuRAND,96,0.000872387
cuRAND,97,0.000892549
cuRAND,98,0.000888970
cuRAND,99,0.000899555
cuRAND,100,0.000932764
cuda-mersenne,1,0.000895554
cuda-mersenne,2,0.000925876
cuda-mersenne,3,0.000859341
cuda-mersenne,4,0.000864710
cuda-mersenne,5,0.000866138
cuda-mersenne,6,0.000894621
cuda-mersenne,7,0.000910123
cuda-mersenne,8,0.000916054
cuda-mersenne,9,0.000889801
cuda-mersenne,10,0.000864180
cuda-mersenne,11,0.000861581
cuda-mersenne,12,0.000890436
cuda-mersenne,13,0.000892205
cuda-mersenne,14,0.000975788
cuda-mersenne,15,0.000958972
cuda-mersenne,16,0.000952521
cuda-mersenne,17,0.000950141
cuda-mersenne,18,0.000928532
cuda-mersenne,19,0.000970507
cuda-mersenne,20,0.000950381
cuda-mersenne,21,0.000968695
cuda-mersenne,22,0.000973933
cuda-mersenne,23,0.000942947
cuda-mersenne,24,0.000941805
cuda-mersenne,25,0.000950479
cuda-mersenne,26,0.000994354
cuda-mersenne,27,0.000965947
cuda-mersenne,28,0.000950062
cuda-mersenne,29,0.000938343
cuda-mersenne,30,0.000897593
cuda-mersenne,31,0.000910269
cuda-mersenne,32,0.000870472
cuda-mersenne,33,0.000893134
cuda-mersenne,34,0.000874074
cuda-mersenne,35,0.000910951
cuda-mersenne,36,0.000867489
cuda-mersenne,37,0.000893265
cuda-mersenne,38,0.000889937
cuda-mersenne,39,0.000910233
cuda-mersenne,40,0.000869909
cuda-mersenne,41,0.000865901
cuda-mersenne,42,0.000865481
cuda-mersenne,43,0.000896278
cuda-mersenne,44,0.000897336
cuda-mersenne,45,0.000895599
cuda-mersenne,46,0.000872481
cuda-mersenne,47,0.000869726
cuda-mersenne,48,0.000857915
cuda-mersenne,49,0.000900623
cuda-mersenne,50,0.000855117
cuda-mersenne,51,0.000931316
cuda-mersenne,52,0.000864089
cuda-mersenne,53,0.000903314
cuda-mersenne,54,0.000864751
cuda-mersenne,55,0.000888068
cuda-mersenne,56,0.000867462
cuda-mersenne,57,0.000868625
cuda-mersenne,58,0.000907369
cuda-mersenne,59,0.000912764
cuda-mersenne,60,0.000900148
cuda-mersenne,61,0.000867237
cuda-mersenne,62,0.000913048
cuda-mersenne,63,0.000878768
cuda-mersenne,64,0.000952653
cuda-mersenne,65,0.000861232
cuda-mersenne,66,0.000932304
cuda-mersenne,67,0.000865151
cuda-mersenne,68,0.000924465
cuda-mersenne,69,0.001091755
cuda-mersenne,70,0.000902137
cuda-mersenne,71,0.000899081
cuda-mersenne,72,0.000870833
cuda-mersenne,73,0.000932805
cuda-mersenne,74,0.000960519
cuda-mersenne,75,0.000941727
cuda-mersenne,76,0.000961562
cuda-mersenne,77,0.000927709
cuda-mersenne,78,0.000947195
cuda-mersenne,79,0.000939597
cuda-mersenne,80,0.000951738
cuda-mersenne,81,0.000963519
cuda-mersenne,82,0.000929070
cuda-mersenne,83,0.000924751
cuda-mersenne,84,0.000925298
cuda-mersenne,85,0.000926420
cuda-mersenne,86,0.000929396
cuda-mersenne,87,0.000931696
cuda-mersenne,88,0.000937817
cuda-mersenne,89,0.000930459
cuda-mersenne,90,0.000955048
cuda-mersenne,91,0.000896238
cuda-mersenne,92,0.000853839
cuda-mersenne,93,0.001007742
cuda-mersenne,94,0.000866531
cuda-mersenne,95,0.000906946
cuda-mersenne,96,0.000898314
cuda-mersenne,97,0.000872063
cuda-mersenne,98,0.000917284
cuda-mersenne,99,0.000910141
cuda-mersenne,100,0.000920880
