alpha,beta,mcs,s0,s1,s2,s3,s4,s5,s6,s7,length,stable
0,0,10000,0.3971,0.0156,0.1592,0.0805,0.0973,0.0978,0.0814,0.0711,100,false
0,0,50000,0.3971,0.0156,0.1592,0.0805,0.0973,0.0978,0.0814,0.0711,100,true
0,0,100000,0.3971,0.0156,0.1592,0.0805,0.0973,0.0978,0.0814,0.0711,100,true
0,0.05,10000,0.0784,0.0004,0.4687,0.0034,0.3715,0.0086,0.005,0.064,100,false
0,0.05,50000,0.0784,0.0004,0.4687,0.0034,0.3715,0.0086,0.005,0.064,100,true
0,0.05,100000,0.0784,0.0004,0.4687,0.0034,0.3715,0.0086,0.005,0.064,100,true
0,0.1,10000,0.0603,0.0033,0.4396,0.002,0.4152,0.0089,0.0066,0.0641,100,false
0,0.1,50000,0.0603,0.0033,0.4396,0.002,0.4152,0.0089,0.0066,0.0641,100,true
0,0.1,100000,0.0603,0.0033,0.4396,0.002,0.4152,0.0089,0.0066,0.0641,100,true
0,0.15,10000,0.0513,0.0009,0.3836,0.0003,0.4854,0.0055,0.0026,0.0704,100,false
0,0.15,50000,0.0513,0.0009,0.3836,0.0003,0.4854,0.0055,0.0026,0.0704,100,true
0,0.15,100000,0.0513,0.0009,0.3836,0.0003,0.4854,0.0055,0.0026,0.0704,100,true
0,0.2,10000,0.0589,0.0001,0.7727,0.0001,0.095,0,0,0.0732,100,false
0,0.2,50000,0.0589,0.0001,0.7727,0.0001,0.095,0,0,0.0732,100,true
0,0.2,100000,0.0589,0.0001,0.7727,0.0001,0.095,0,0,0.0732,100,true
0,0.25,10000,0.2959,0.0319,0.2653,0.0833,0.2468,0,0,0.0768,100,false
0,0.25,50000,0.0091,0,0.7904,0,0.1237,0,0,0.0768,100,false
0,0.25,100000,0.0091,0,0.7904,0,0.1237,0,0,0.0768,100,true
0,0.3,10000,0.4052,0.0731,0.1486,0.0427,0.2554,0,0,0.075,100,false
0,0.3,50000,0.0013,0.0022,0.036,0,0.8855,0,0,0.075,100,false
0,0.3,100000,0.0013,0.0022,0.036,0,0.8855,0,0,0.075,100,true
0,0.35,10000,0.3209,0.0579,0.1664,0.133,0.247,0,0,0.0748,100,false
0,0.35,50000,0.2952,0.0556,0.2303,0.0772,0.2669,0,0,0.0748,100,false
0,0.35,100000,0.3642,0.0475,0.237,0.0751,0.2014,0,0,0.0748,100,false
0,0.4,10000,0.2483,0.1068,0.1948,0.0621,0.3096,0,0,0.0784,100,false
0,0.4,50000,0.3421,0.1112,0.1169,0.0373,0.3141,0,0,0.0784,100,false
0,0.4,100000,0.2635,0.058,0.262,0.0847,0.2534,0,0,0.0784,100,false
0,0.45,10000,0.2298,0.0431,0.2887,0.1006,0.2624,0,0,0.0754,100,false
0,0.45,50000,0.2478,0.0572,0.2288,0.062,0.3288,0,0,0.0754,100,false
0,0.45,100000,0.2323,0.1126,0.3133,0.0652,0.2012,0,0,0.0754,100,false
0,0.5,10000,0.2548,0.1199,0.2641,0.076,0.2129,0,0,0.0723,100,false
0,0.5,50000,0.3035,0.0955,0.1991,0.0722,0.2574,0,0,0.0723,100,false
0,0.5,100000,0.2995,0.1142,0.2467,0.0626,0.2047,0,0,0.0723,100,false
0,0.55,10000,0.2681,0.1393,0.1751,0.101,0.2416,0.0001,0,0.0748,100,false
0,0.55,50000,0.1931,0.108,0.2622,0.1316,0.2302,0.0001,0,0.0748,100,false
0,0.55,100000,0.3647,0.118,0.1756,0.0644,0.2024,0.0001,0,0.0748,100,false
0,0.6,10000,0.2615,0.0933,0.2342,0.1182,0.2128,0,0,0.08,100,false
0,0.6,50000,0.3372,0.1058,0.2006,0.0716,0.2048,0,0,0.08,100,false
0,0.6,100000,0.1787,0.1465,0.3258,0.1357,0.1333,0,0,0.08,100,false
0,0.65,10000,0.2916,0.1585,0.1657,0.126,0.1851,0,0,0.0731,100,false
0,0.65,50000,0.1848,0.1308,0.2444,0.1452,0.2217,0,0,0.0731,100,false
0,0.65,100000,0.2145,0.1481,0.2368,0.1632,0.1643,0,0,0.0731,100,false
0,0.7,10000,0.1843,0.2044,0.237,0.1616,0.133,0,0,0.0797,100,false
0,0.7,50000,0.2628,0.1546,0.222,0.1651,0.1158,0,0,0.0797,100,false
0,0.7,100000,0.1926,0.0871,0.22,0.1383,0.2823,0,0,0.0797,100,false
0,0.75,10000,0.1747,0.1364,0.3754,0.1424,0.0949,0,0,0.0762,100,false
0,0.75,50000,0.2402,0.1137,0.1616,0.1471,0.2612,0,0,0.0762,100,false
0,0.75,100000,0.2865,0.0977,0.2231,0.1215,0.195,0,0,0.0762,100,false
0,0.8,10000,0.2491,0.1353,0.1712,0.1502,0.21,0,0,0.0842,100,false
0,0.8,50000,0.2325,0.1732,0.1424,0.0774,0.2903,0,0,0.0842,100,false
0,0.8,100000,0.1565,0.0948,0.2706,0.2082,0.1857,0,0,0.0842,100,false
0,0.85,10000,0.1821,0.1753,0.1879,0.1637,0.2139,0,0,0.0771,100,false
0,0.85,50000,0.1674,0.1887,0.2946,0.1634,0.1088,0,0,0.0771,100,false
0,0.85,100000,0.1872,0.1135,0.2226,0.1662,0.2334,0,0,0.0771,100,false
0,0.9,10000,0.203,0.212,0.1585,0.1987,0.1527,0,0,0.0751,100,false
0,0.9,50000,0.2137,0.1711,0.1739,0.1477,0.2185,0,0,0.0751,100,false
0,0.9,100000,0.2789,0.2469,0.0865,0.1163,0.1963,0,0,0.0751,100,false
0,0.95,10000,0.2411,0.1733,0.2626,0.1285,0.1125,0.0001,0,0.0819,100,false
0,0.95,50000,0.1975,0.2859,0.1849,0.1264,0.1233,0.0001,0,0.0819,100,false
0,0.95,100000,0.2379,0.2165,0.1465,0.1638,0.1533,0.0001,0,0.0819,100,false
0.05,0,10000,0.6723,0.0007,0.0002,0.1207,0.0658,0.0438,0.047,0.0495,100,false
0.05,0,50000,0.6723,0.0007,0.0002,0.1207,0.0658,0.0438,0.047,0.0495,100,true
0.05,0,100000,0.6723,0.0007,0.0002,0.1207,0.0658,0.0438,0.047,0.0495,100,true
0.05,0.05,10000,0.3384,0,0.3134,0,0.294,0,0,0.0542,100,false
0.05,0.05,50000,0.2925,0,0.3006,0,0.3527,0,0,0.0542,100,false
0.05,0.05,100000,0.3132,0,0.3157,0,0.3169,0,0,0.0542,100,false
0.05,0.1,10000,0.2401,0,0.4625,0,0.2445,0,0,0.0529,100,false
0.05,0.1,50000,0.1969,0,0.5152,0,0.235,0,0,0.0529,100,false
0.05,0.1,100000,0.2034,0,0.503,0,0.2407,0,0,0.0529,100,false
0.05,0.15,10000,0.1344,0,0.666,0,0.1364,0,0,0.0632,100,false
0.05,0.15,50000,0.2613,0,0.4786,0,0.1969,0,0,0.0632,100,false
0.05,0.15,100000,0.1587,0,0.5928,0,0.1853,0,0,0.0632,100,false
0.05,0.2,10000,0,0.1782,0,0,0.7611,0,0,0.0607,100,false
0.05,0.2,50000,0,0.1782,0,0,0.7611,0,0,0.0607,100,true
0.05,0.2,100000,0,0.1782,0,0,0.7611,0,0,0.0607,100,true
0.05,0.25,10000,0.9401,0,0,0,0,0,0,0.0599,100,false
0.05,0.25,50000,0.9401,0,0,0,0,0,0,0.0599,100,true
0.05,0.25,100000,0.9401,0,0,0,0,0,0,0.0599,100,true
0.05,0.3,10000,0.3557,0,0,0.5812,0,0,0,0.0631,100,false
0.05,0.3,50000,0.3557,0,0,0.5812,0,0,0,0.0631,100,true
0.05,0.3,100000,0.3557,0,0,0.5812,0,0,0,0.0631,100,true
0.05,0.35,10000,0.2331,0.0821,0.2929,0.0537,0.2774,0,0,0.0608,100,false
0.05,0.35,50000,0.4039,0.1343,0.1527,0.0224,0.2259,0,0,0.0608,100,false
0.05,0.35,100000,0,0.3068,0,0,0.6324,0,0,0.0608,100,true
0.05,0.4,10000,0.3464,0.1533,0.2051,0.039,0.1921,0,0,0.0641,100,false
0.05,0.4,50000,0.2211,0.1059,0.4462,0.0669,0.0958,0,0,0.0641,100,false
0.05,0.4,100000,0.3475,0.0733,0.277,0.0662,0.1719,0,0,0.0641,100,false
0.05,0.45,10000,0.2976,0.0917,0.2059,0.1125,0.2228,0,0,0.0695,100,false
0.05,0.45,50000,0.2594,0.1184,0.2762,0.0863,0.1902,0,0,0.0695,100,false
0.05,0.45,100000,0.303,0.0857,0.1319,0.1197,0.2902,0,0,0.0695,100,false
0.05,0.5,10000,0.2881,0.2104,0.2813,0.0427,0.114,0,0,0.0635,100,false
0.05,0.5,50000,0.2227,0.0805,0.3312,0.0732,0.2289,0,0,0.0635,100,false
0.05,0.5,100000,0.2825,0.067,0.2047,0.1378,0.2445,0,0,0.0635,100,false
0.05,0.55,10000,0.4028,0.1248,0.1227,0.0747,0.2039,0,0,0.0711,100,false
0.05,0.55,50000,0.9289,0,0,0,0,0,0,0.0711,100,true
0.05,0.55,100000,0.9289,0,0,0,0,0,0,0.0711,100,true
0.05,0.6,10000,0.2584,0.0894,0.153,0.169,0.2623,0,0,0.0679,100,false
0.05,0.6,50000,0.2704,0.0835,0.2458,0.143,0.1894,0,0,0.0679,100,false
0.05,0.6,100000,0.2913,0.0951,0.226,0.091,0.2287,0,0,0.0679,100,false
0.05,0.65,10000,0.3064,0.0752,0.136,0.1224,0.2906,0,0,0.0694,100,false
0.05,0.65,50000,0.1645,0.0972,0.2896,0.1848,0.1945,0,0,0.0694,100,false
0.05,0.65,100000,0.1476,0.1125,0.291,0.2172,0.1623,0,0,0.0694,100,false
0.05,0.7,10000,0.295,0.1058,0.1352,0.0767,0.3202,0,0,0.0671,100,false
0.05,0.7,50000,0.2899,0.1575,0.2437,0.0961,0.1457,0,0,0.0671,100,false
0.05,0.7,100000,0.2306,0.1055,0.2344,0.1756,0.1868,0,0,0.0671,100,false
0.05,0.75,10000,0.221,0.1451,0.1555,0.1537,0.2603,0,0,0.0644,100,false
0.05,0.75,50000,0.262,0.1336,0.1903,0.1513,0.1984,0,0,0.0644,100,false
0.05,0.75,100000,0.1961,0.0977,0.2535,0.2159,0.1724,0,0,0.0644,100,false
0.05,0.8,10000,0.2484,0.1523,0.2513,0.1141,0.1681,0,0,0.0658,100,false
0.05,0.8,50000,0.2455,0.1451,0.2387,0.1481,0.1568,0,0,0.0658,100,false
0.05,0.8,100000,0.1907,0.1489,0.2406,0.1734,0.1806,0,0,0.0658,100,false
0.05,0.85,10000,0.2167,0.1774,0.2459,0.1466,0.1374,0,0,0.076,100,false
0.05,0.85,50000,0.2681,0.1172,0.1874,0.0942,0.2571,0,0,0.076,100,false
0.05,0.85,100000,0.2318,0.1397,0.1643,0.1835,0.2047,0,0,0.076,100,false
0.05,0.9,10000,0.2558,0.2535,0.1744,0.1163,0.1305,0,0,0.0695,100,false
0.05,0.9,50000,0.3123,0.1759,0.1139,0.127,0.2014,0,0,0.0695,100,false
0.05,0.9,100000,0.1576,0.1668,0.2363,0.166,0.2038,0,0,0.0695,100,false
0.05,0.95,10000,0.1417,0.1295,0.2798,0.2106,0.1687,0,0,0.0697,100,false
0.05,0.95,50000,0.1963,0.1508,0.1652,0.1661,0.2519,0,0,0.0697,100,false
0.05,0.95,100000,0.2436,0.168,0.1819,0.182,0.1548,0,0,0.0697,100,false
0.1,0,10000,0.6871,0.0008,0,0.109,0.0676,0.0453,0.0467,0.0435,100,false
0.1,0,50000,0.6871,0.0008,0,0.109,0.0676,0.0453,0.0467,0.0435,100,true
0.1,0,100000,0.6871,0.0008,0,0.109,0.0676,0.0453,0.0467,0.0435,100,true
0.1,0.05,10000,0.7183,0,0,0.2051,0,0.0125,0.0167,0.0474,100,false
0.1,0.05,50000,0.7183,0,0,0.2051,0,0.0125,0.0167,0.0474,100,true
0.1,0.05,100000,0.7183,0,0,0.2051,0,0.0125,0.0167,0.0474,100,true
0.1,0.1,10000,0.322,0,0.3324,0,0.293,0,0,0.0526,100,false
0.1,0.1,50000,0.3225,0,0.3618,0,0.2631,0,0,0.0526,100,false
0.1,0.1,100000,0.3194,0,0.2836,0,0.3444,0,0,0.0526,100,false
0.1,0.15,10000,0.2748,0,0.4465,0.0001,0.2274,0,0,0.0512,100,false
0.1,0.15,50000,0.2519,0,0.4493,0.0001,0.2475,0,0,0.0512,100,false
0.1,0.15,100000,0.252,0,0.4245,0.0001,0.2722,0,0,0.0512,100,false
0.1,0.2,10000,0.2457,0,0.4821,0,0.2169,0,0,0.0553,100,false
0.1,0.2,50000,0.254,0,0.4392,0,0.2515,0,0,0.0553,100,false
0.1,0.2,100000,0.2239,0,0.4463,0,0.2745,0,0,0.0553,100,false
0.1,0.25,10000,0.1945,0,0.5643,0,0.1868,0,0,0.0544,100,false
0.1,0.25,50000,0.2752,0,0.4841,0,0.1863,0,0,0.0544,100,false
0.1,0.25,100000,0.1711,0,0.5834,0,0.1911,0,0,0.0544,100,false
0.1,0.3,10000,0.1986,0,0.583,0.0001,0.1603,0,0,0.058,100,false
0.1,0.3,50000,0.1123,0,0.6455,0.0001,0.1841,0,0,0.058,100,false
0.1,0.3,100000,0.1057,0,0.6083,0.0001,0.2279,0,0,0.058,100,false
0.1,0.35,10000,0.1179,0,0.696,0,0.1321,0,0,0.054,100,false
0.1,0.35,50000,0.1251,0,0.6302,0,0.1907,0,0,0.054,100,false
0.1,0.35,100000,0.2401,0,0.5189,0,0.187,0,0,0.054,100,false
0.1,0.4,10000,0.3182,0.0059,0.3071,0.0566,0.2497,0,0,0.0625,100,false
0.1,0.4,50000,0.1332,0,0.4839,0,0.3204,0,0,0.0625,100,false
0.1,0.4,100000,0.1939,0,0.6324,0,0.1112,0,0,0.0625,100,false
0.1,0.45,10000,0.2529,0.0851,0.247,0.0991,0.2549,0,0,0.061,100,false
0.1,0.45,50000,0.3071,0.0895,0.2447,0.0937,0.204,0,0,0.061,100,false
0.1,0.45,100000,0,0.2838,0,0,0.6552,0,0,0.061,100,true
0.1,0.5,10000,0.3237,0.1026,0.2052,0.0936,0.212,0,0,0.0629,100,false
0.1,0.5,50000,0.2656,0.1123,0.3666,0.0642,0.1284,0,0,0.0629,100,false
0.1,0.5,100000,0.4283,0.038,0.1502,0.0601,0.2605,0,0,0.0629,100,false
0.1,0.55,10000,0.4467,0.027,0.1077,0.1311,0.2264,0,0,0.0611,100,false
0.1,0.55,50000,0.2621,0.0691,0.236,0.1631,0.2086,0,0,0.0611,100,false
0.1,0.55,100000,0.3432,0.0942,0.2863,0.04,0.1752,0,0,0.0611,100,false
0.1,0.6,10000,0.2525,0.0767,0.2882,0.1292,0.1947,0,0,0.0587,100,false
0.1,0.6,50000,0.3469,0.1161,0.1589,0.1387,0.1807,0,0,0.0587,100,false
0.1,0.6,100000,0.354,0.0824,0.1747,0.0989,0.2313,0,0,0.0587,100,false
0.1,0.65,10000,0.2298,0.1155,0.1899,0.0891,0.3106,0,0,0.0651,100,false
0.1,0.65,50000,0.2475,0.1168,0.2366,0.1016,0.2324,0,0,0.0651,100,false
0.1,0.65,100000,0.3402,0.1409,0.1168,0.0736,0.2634,0,0,0.0651,100,false
0.1,0.7,10000,0.3435,0.1552,0.249,0.0948,0.0925,0,0,0.065,100,false
0.1,0.7,50000,0.2828,0.1493,0.1786,0.1087,0.2156,0,0,0.065,100,false
0.1,0.7,100000,0.2822,0.1158,0.3123,0.0834,0.1413,0,0,0.065,100,false
0.1,0.75,10000,0.2368,0.1011,0.2501,0.1455,0.2046,0,0,0.0619,100,false
0.1,0.75,50000,0.281,0.1399,0.2259,0.1181,0.1732,0,0,0.0619,100,false
0.1,0.75,100000,0.311,0.1528,0.22,0.0622,0.1921,0,0,0.0619,100,false
0.1,0.8,10000,0.23,0.0919,0.1409,0.2338,0.2416,0,0,0.0618,100,false
0.1,0.8,50000,0.2532,0.1433,0.2139,0.168,0.1598,0,0,0.0618,100,false
0.1,0.8,100000,0.3261,0.1265,0.1589,0.0803,0.2464,0,0,0.0618,100,false
0.1,0.85,10000,0.188,0.1186,0.2667,0.1556,0.2035,0,0,0.0676,100,false
0.1,0.85,50000,0.3784,0.1403,0.1489,0.0993,0.1655,0,0,0.0676,100,false
0.1,0.85,100000,0.2877,0.1454,0.1505,0.1294,0.2194,0,0,0.0676,100,false
0.1,0.9,10000,0.2489,0.1038,0.1314,0.1383,0.3114,0,0,0.0662,100,false
0.1,0.9,50000,0.1913,0.1991,0.1716,0.1972,0.1746,0,0,0.0662,100,false
0.1,0.9,100000,0.1632,0.1867,0.1823,0.2247,0.1769,0,0,0.0662,100,false
0.1,0.95,10000,0.209,0.089,0.1226,0.1976,0.3172,0,0,0.0646,100,false
0.1,0.95,50000,0.1997,0.1001,0.1896,0.2455,0.2005,0,0,0.0646,100,false
0.1,0.95,100000,0.151,0.0979,0.2768,0.1982,0.2115,0,0,0.0646,100,false
0.15,0,10000,0.6627,0.0015,0,0.1361,0.0674,0.036,0.0533,0.043,100,false
0.15,0,50000,0.6627,0.0015,0,0.1361,0.0674,0.036,0.0533,0.043,100,true
0.15,0,100000,0.6627,0.0015,0,0.1361,0.0674,0.036,0.0533,0.043,100,true
0.15,0.05,10000,0.6353,0,0,0.2732,0.0001,0.0169,0.0268,0.0477,100,false
0.15,0.05,50000,0.6353,0,0,0.2732,0.0001,0.0169,0.0268,0.0477,100,true
0.15,0.05,100000,0.6353,0,0,0.2732,0.0001,0.0169,0.0268,0.0477,100,true
0.15,0.1,10000,0.7217,0,0,0.1987,0,0.0109,0.0164,0.0523,100,false
0.15,0.1,50000,0.7217,0,0,0.1987,0,0.0109,0.0164,0.0523,100,true
0.15,0.1,100000,0.7217,0,0,0.1987,0,0.0109,0.0164,0.0523,100,true
0.15,0.15,10000,0.3057,0,0.3373,0,0.312,0,0,0.045,100,false
0.15,0.15,50000,0.3087,0,0.3415,0,0.3048,0,0,0.045,100,false
0.15,0.15,100000,0.3378,0,0.2894,0,0.3278,0,0,0.045,100,false
0.15,0.2,10000,0.3018,0,0.3604,0,0.2823,0,0,0.0555,100,false
0.15,0.2,50000,0.2202,0,0.4137,0,0.3106,0,0,0.0555,100,false
0.15,0.2,100000,0.2782,0,0.4224,0,0.2439,0,0,0.0555,100,false
0.15,0.25,10000,0.2159,0,0.4331,0.0001,0.2943,0,0,0.0566,100,false
0.15,0.25,50000,0.2571,0,0.4305,0.0001,0.2557,0,0,0.0566,100,false
0.15,0.25,100000,0.2963,0,0.3719,0.0001,0.2751,0,0,0.0566,100,false
0.15,0.3,10000,0.21,0,0.5532,0,0.1817,0,0,0.0551,100,false
0.15,0.3,50000,0.2073,0,0.4798,0,0.2578,0,0,0.0551,100,false
0.15,0.3,100000,0.2601,0,0.4965,0,0.1883,0,0,0.0551,100,false
0.15,0.35,10000,0.1884,0.0001,0.5397,0,0.2186,0,0,0.0532,100,false
0.15,0.35,50000,0.2419,0.0001,0.5408,0,0.164,0,0,0.0532,100,false
0.15,0.35,100000,0.1556,0.0001,0.6275,0,0.1636,0,0,0.0532,100,false
0.15,0.4,10000,0.4101,0.0216,0.227,0.0446,0.237,0,0,0.0597,100,false
0.15,0.4,50000,0,0.1214,0,0,0.8189,0,0,0.0597,100,true
0.15,0.4,100000,0,0.1214,0,0,0.8189,0,0,0.0597,100,true
0.15,0.45,10000,0,0.2301,0,0,0.7116,0,0,0.0583,100,false
0.15,0.45,50000,0,0.2301,0,0,0.7116,0,0,0.0583,100,true
0.15,0.45,100000,0,0.2301,0,0,0.7116,0,0,0.0583,100,true
0.15,0.5,10000,0.2091,0.052,0.3329,0.0278,0.3185,0,0,0.0597,100,false
0.15,0.5,50000,0.1548,0.0495,0.2129,0.1808,0.3423,0,0,0.0597,100,false
0.15,0.5,100000,0.1902,0,0.5903,0,0.1598,0,0,0.0597,100,false
0.15,0.55,10000,0.3497,0.0742,0.2739,0.0734,0.1733,0,0,0.0555,100,false
0.15,0.55,50000,0.2706,0.0725,0.2524,0.1592,0.1898,0,0,0.0555,100,false
0.15,0.55,100000,0.1195,0,0.7188,0,0.1062,0,0,0.0555,100,false
0.15,0.6,10000,0.2468,0.088,0.236,0.1326,0.2384,0,0,0.0582,100,false
0.15,0.6,50000,0.3279,0.0702,0.1641,0.0825,0.2971,0,0,0.0582,100,false
0.15,0.6,100000,0.27,0.0462,0.2182,0.2242,0.1832,0,0,0.0582,100,false
0.15,0.65,10000,0.6967,0,0,0.2398,0,0,0,0.0635,100,false
0.15,0.65,50000,0.6967,0,0,0.2398,0,0,0,0.0635,100,true
0.15,0.65,100000,0.6967,0,0,0.2398,0,0,0,0.0635,100,true
0.15,0.7,10000,0.2347,0.0986,0.2819,0.1742,0.1473,0,0,0.0633,100,false
0.15,0.7,50000,0.9367,0,0,0,0,0,0,0.0633,100,true
0.15,0.7,100000,0.9367,0,0,0,0,0,0,0.0633,100,true
0.15,0.75,10000,0.1986,0.1512,0.3006,0.1479,0.1422,0,0,0.0595,100,false
0.15,0.75,50000,0.3383,0.0787,0.1971,0.1043,0.2221,0,0,0.0595,100,false
0.15,0.75,100000,0.2536,0.1238,0.1292,0.1714,0.2625,0,0,0.0595,100,false
0.15,0.8,10000,0.2791,0.217,0.1816,0.1144,0.1472,0,0,0.0607,100,false
0.15,0.8,50000,0.1625,0.0731,0.1793,0.3171,0.2073,0,0,0.0607,100,false
0.15,0.8,100000,0.5746,0,0,0.3647,0,0,0,0.0607,100,true
0.15,0.85,10000,0.1737,0.1142,0.206,0.2223,0.2219,0,0,0.0619,100,false
0.15,0.85,50000,0.2606,0.1583,0.1152,0.1497,0.2543,0,0,0.0619,100,false
0.15,0.85,100000,0.2104,0.1123,0.1908,0.2522,0.1724,0,0,0.0619,100,false
0.15,0.9,10000,0.2311,0.1092,0.2471,0.133,0.2178,0,0,0.0618,100,false
0.15,0.9,50000,0.248,0.1312,0.1727,0.0997,0.2866,0,0,0.0618,100,false
0.15,0.9,100000,0.2194,0.1963,0.1437,0.1493,0.2295,0,0,0.0618,100,false
0.15,0.95,10000,0.2095,0.2036,0.1698,0.1492,0.2018,0,0,0.0661,100,false
0.15,0.95,50000,0.1594,0.2012,0.2216,0.143,0.2087,0,0,0.0661,100,false
0.15,0.95,100000,0.3481,0.0991,0.1684,0.1217,0.1966,0,0,0.0661,100,false
0.2,0,10000,0.672,0.0008,0.0004,0.1391,0.0545,0.04,0.0453,0.0479,100,false
0.2,0,50000,0.672,0.0008,0.0004,0.1391,0.0545,0.04,0.0453,0.0479,100,true
0.2,0,100000,0.672,0.0008,0.0004,0.1391,0.0545,0.04,0.0453,0.0479,100,true
0.2,0.05,10000,0.538,0,0,0.3591,0,0.0203,0.0313,0.0513,100,false
0.2,0.05,50000,0.538,0,0,0.3591,0,0.0203,0.0313,0.0513,100,true
0.2,0.05,100000,0.538,0,0,0.3591,0,0.0203,0.0313,0.0513,100,true
0.2,0.1,10000,0.6935,0.0001,0.0001,0.2249,0,0.0125,0.0168,0.0521,100,false
0.2,0.1,50000,0.6935,0.0001,0.0001,0.2249,0,0.0125,0.0168,0.0521,100,true
0.2,0.1,100000,0.6935,0.0001,0.0001,0.2249,0,0.0125,0.0168,0.0521,100,true
0.2,0.15,10000,0.3302,0.0001,0.2753,0.0001,0.3457,0,0,0.0486,100,false
0.2,0.15,50000,0.3126,0.0001,0.2224,0.0001,0.4162,0,0,0.0486,100,false
0.2,0.15,100000,0.3883,0.0001,0.2515,0.0001,0.3114,0,0,0.0486,100,false
0.2,0.2,10000,0.3168,0,0.3322,0,0.2977,0,0,0.0533,100,false
0.2,0.2,50000,0.3204,0,0.3218,0,0.3045,0,0,0.0533,100,false
0.2,0.2,100000,0.3221,0,0.2803,0,0.3443,0,0,0.0533,100,false
0.2,0.25,10000,0.2476,0,0.3821,0,0.3158,0,0,0.0545,100,false
0.2,0.25,50000,0.2757,0,0.3605,0,0.3093,0,0,0.0545,100,false
0.2,0.25,100000,0.2419,0,0.4062,0,0.2974,0,0,0.0545,100,false
0.2,0.3,10000,0.2551,0,0.4176,0,0.2747,0,0,0.0526,100,false
0.2,0.3,50000,0.2675,0,0.4153,0,0.2646,0,0,0.0526,100,false
0.2,0.3,100000,0.2836,0,0.3978,0,0.266,0,0,0.0526,100,false
0.2,0.35,10000,0.2395,0,0.4254,0,0.284,0,0,0.0511,100,false
0.2,0.35,50000,0.1953,0,0.4935,0,0.2601,0,0,0.0511,100,false
0.2,0.35,100000,0.2319,0,0.4219,0,0.2951,0,0,0.0511,100,false
0.2,0.4,10000,0.2028,0,0.538,0,0.2033,0,0,0.0559,100,false
0.2,0.4,50000,0.2018,0,0.4943,0,0.248,0,0,0.0559,100,false
0.2,0.4,100000,0.2221,0,0.4479,0,0.2741,0,0,0.0559,100,false
0.2,0.45,10000,0.2049,0,0.5381,0,0.2033,0,0,0.0537,100,false
0.2,0.45,50000,0.1941,0,0.5304,0,0.2218,0,0,0.0537,100,false
0.2,0.45,100000,0.1808,0,0.5797,0,0.1858,0,0,0.0537,100,false
0.2,0.5,10000,0.3108,0.07,0.3292,0.0565,0.1775,0,0,0.056,100,false
0.2,0.5,50000,0.2384,0,0.5482,0,0.1574,0,0,0.056,100,false
0.2,0.5,100000,0.1805,0,0.6186,0,0.1449,0,0,0.056,100,false
0.2,0.55,10000,0.2378,0.0401,0.4066,0.045,0.2171,0,0,0.0534,100,false
0.2,0.55,50000,0.3223,0.0478,0.1724,0.095,0.3091,0,0,0.0534,100,false
0.2,0.55,100000,0.2997,0.0592,0.2619,0.1215,0.2043,0,0,0.0534,100,false
0.2,0.6,10000,0.3791,0.0675,0.2646,0.0666,0.1656,0,0,0.0566,100,false
0.2,0.6,50000,0.2357,0.0692,0.2046,0.1088,0.3251,0,0,0.0566,100,false
0.2,0.6,100000,0.3076,0,0.4734,0,0.1624,0,0,0.0566,100,false
0.2,0.65,10000,0.2726,0.0443,0.2922,0.1445,0.1871,0,0,0.0593,100,false
0.2,0.65,50000,0.2709,0.0902,0.2383,0.1219,0.2194,0,0,0.0593,100,false
0.2,0.65,100000,0.2706,0.0698,0.2338,0.1618,0.2047,0,0,0.0593,100,false
0.2,0.7,10000,0.3352,0.0515,0.1834,0.1028,0.2681,0,0,0.059,100,false
0.2,0.7,50000,0.2078,0.0988,0.1201,0.1839,0.3304,0,0,0.059,100,false
0.2,0.7,100000,0.2414,0.053,0.33,0.1086,0.208,0,0,0.059,100,false
0.2,0.75,10000,0.2521,0.1319,0.2447,0.0457,0.2693,0,0,0.0563,100,false
0.2,0.75,50000,0.3147,0.1242,0.1776,0.1172,0.21,0,0,0.0563,100,false
0.2,0.75,100000,0.2866,0.0978,0.1847,0.1096,0.265,0,0,0.0563,100,false
0.2,0.8,10000,0.2188,0.0659,0.3218,0.1294,0.2082,0,0,0.0559,100,false
0.2,0.8,50000,0.2635,0.1593,0.1945,0.1233,0.2035,0,0,0.0559,100,false
0.2,0.8,100000,0.3005,0.1055,0.1148,0.1688,0.2545,0,0,0.0559,100,false
0.2,0.85,10000,0.1803,0.2328,0.1698,0.15,0.2048,0,0,0.0623,100,false
0.2,0.85,50000,0.1748,0.1405,0.3043,0.1595,0.1586,0,0,0.0623,100,false
0.2,0.85,100000,0.2222,0.139,0.136,0.2313,0.2092,0,0,0.0623,100,false
0.2,0.9,10000,0.2692,0.1085,0.163,0.136,0.2643,0,0,0.059,100,false
0.2,0.9,50000,0.2432,0.1634,0.1492,0.1827,0.2025,0,0,0.059,100,false
0.2,0.9,100000,0.1678,0.1278,0.2555,0.1946,0.1953,0,0,0.059,100,false
0.2,0.95,10000,0.2515,0.2043,0.2078,0.1354,0.141,0,0,0.06,100,false
0.2,0.95,50000,0.215,0.1441,0.2715,0.2068,0.1026,0,0,0.06,100,false
0.2,0.95,100000,0.1673,0.1548,0.2395,0.167,0.2114,0,0,0.06,100,false
0.25,0,10000,0.6668,0.0011,0.0001,0.127,0.0644,0.0459,0.0495,0.0452,100,false
0.25,0,50000,0.6668,0.0011,0.0001,0.127,0.0644,0.0459,0.0495,0.0452,100,true
0.25,0,100000,0.6668,0.0011,0.0001,0.127,0.0644,0.0459,0.0495,0.0452,100,true
0.25,0.05,10000,0.5612,0.0001,0,0.3433,0,0.0182,0.0301,0.0471,100,false
0.25,0.05,50000,0.5612,0.0001,0,0.3433,0,0.0182,0.0301,0.0471,100,true
0.25,0.05,100000,0.5612,0.0001,0,0.3433,0,0.0182,0.0301,0.0471,100,true
0.25,0.1,10000,0.5749,0,0,0.3443,0,0.0097,0.02,0.0511,100,false
0.25,0.1,50000,0.5749,0,0,0.3443,0,0.0097,0.02,0.0511,100,true
0.25,0.1,100000,0.5749,0,0,0.3443,0,0.0097,0.02,0.0511,100,true
0.25,0.15,10000,0.6957,0,0,0.2354,0,0.0054,0.0143,0.0492,100,false
0.25,0.15,50000,0.6957,0,0,0.2354,0,0.0054,0.0143,0.0492,100,true
0.25,0.15,100000,0.6957,0,0,0.2354,0,0.0054,0.0143,0.0492,100,true
0.25,0.2,10000,0.34,0,0.253,0,0.3588,0,0,0.0482,100,false
0.25,0.2,50000,0.357,0,0.2646,0,0.3302,0,0,0.0482,100,false
0.25,0.2,100000,0.3037,0,0.24,0,0.4081,0,0,0.0482,100,false
0.25,0.25,10000,0.2659,0,0.3647,0,0.3183,0,0,0.0511,100,false
0.25,0.25,50000,0.3121,0,0.3693,0,0.2675,0,0,0.0511,100,false
0.25,0.25,100000,0.2921,0,0.3309,0,0.3259,0,0,0.0511,100,false
0.25,0.3,10000,0.2777,0,0.4069,0,0.2623,0,0,0.0531,100,false
0.25,0.3,50000,0.2457,0,0.3747,0,0.3265,0,0,0.0531,100,false
0.25,0.3,100000,0.2632,0,0.3417,0,0.342,0,0,0.0531,100,false
0.25,0.35,10000,0.2896,0,0.4043,0,0.2517,0,0,0.0544,100,false
0.25,0.35,50000,0.2284,0,0.3895,0,0.3277,0,0,0.0544,100,false
0.25,0.35,100000,0.3043,0,0.3829,0,0.2584,0,0,0.0544,100,false
0.25,0.4,10000,0,0.1529,0,0,0.791,0,0,0.0561,100,false
0.25,0.4,50000,0,0.1529,0,0,0.791,0,0,0.0561,100,true
0.25,0.4,100000,0,0.1529,0,0,0.791,0,0,0.0561,100,true
0.25,0.45,10000,0,0.151,0,0,0.7896,0,0,0.0594,100,false
0.25,0.45,50000,0,0.151,0,0,0.7896,0,0,0.0594,100,true
0.25,0.45,100000,0,0.151,0,0,0.7896,0,0,0.0594,100,true
0.25,0.5,10000,0,0.1996,0,0,0.7427,0,0,0.0577,100,false
0.25,0.5,50000,0,0.1996,0,0,0.7427,0,0,0.0577,100,true
0.25,0.5,100000,0,0.1996,0,0,0.7427,0,0,0.0577,100,true
0.25,0.55,10000,0.3746,0.0636,0.2698,0.044,0.1919,0,0,0.0561,100,false
0.25,0.55,50000,0.1839,0,0.5163,0,0.2437,0,0,0.0561,100,false
0.25,0.55,100000,0.2167,0,0.5255,0,0.2017,0,0,0.0561,100,false
0.25,0.6,10000,0.2718,0.0658,0.1468,0.1191,0.3372,0,0,0.0593,100,false
0.25,0.6,50000,0.2301,0,0.4858,0,0.2248,0,0,0.0593,100,false
0.25,0.6,100000,0.1814,0,0.5356,0,0.2237,0,0,0.0593,100,false
0.25,0.65,10000,0.3872,0.1133,0.2205,0.0863,0.1334,0,0,0.0593,100,false
0.25,0.65,50000,0.1359,0,0.5661,0,0.2387,0,0,0.0593,100,false
0.25,0.65,100000,0.2286,0,0.5073,0,0.2048,0,0,0.0593,100,false
0.25,0.7,10000,0.2976,0.0672,0.2366,0.083,0.2565,0,0,0.0591,100,false
0.25,0.7,100000,0,0.215,0,0.0001,0.7258,0,0,0.0591,100,true
0.25,0.75,10000,0.1864,0.2836,0.1661,0.0669,0.2407,0,0,0.0563,100,false
0.25,0.75,50000,0.2604,0.1019,0.153,0.1155,0.3129,0,0,0.0563,100,false
0.25,0.75,100000,0.1881,0.1057,0.2498,0.1291,0.271,0,0,0.0563,100,false
0.25,0.8,10000,0.3421,0.0724,0.2548,0.1021,0.1727,0,0,0.0559,100,false
0.25,0.8,50000,0.2009,0.1078,0.2389,0.1704,0.2261,0,0,0.0559,100,false
0.25,0.8,100000,0.202,0,0.5603,0,0.1818,0,0,0.0559,100,false
0.25,0.85,10000,0.2026,0.1431,0.2447,0.1961,0.1519,0,0,0.0616,100,false
0.25,0.85,50000,0.1921,0.1714,0.1579,0.1842,0.2328,0,0,0.0616,100,false
0.25,0.85,100000,0.1915,0.1312,0.2291,0.2048,0.1818,0,0,0.0616,100,false
0.25,0.9,10000,0.2705,0.1426,0.2078,0.1575,0.1605,0,0,0.0611,100,false
0.25,0.9,50000,0.1863,0.1949,0.1891,0.1536,0.215,0,0,0.0611,100,false
0.25,0.9,100000,0.3431,0.0989,0.1698,0.0629,0.2642,0,0,0.0611,100,false
0.25,0.95,10000,0.1686,0.152,0.1425,0.2015,0.2768,0,0,0.0586,100,false
0.25,0.95,50000,0.2472,0.163,0.2461,0.1059,0.1792,0,0,0.0586,100,false
0.25,0.95,100000,0.2056,0.1579,0.2072,0.2061,0.1646,0,0,0.0586,100,false
0.3,0,10000,0.6532,0.0018,0,0.1525,0.0592,0.0369,0.051,0.0454,100,false
0.3,0,50000,0.6532,0.0018,0,0.1525,0.0592,0.0369,0.051,0.0454,100,true
0.3,0,100000,0.6532,0.0018,0,0.1525,0.0592,0.0369,0.051,0.0454,100,true
0.3,0.05,10000,0.5638,0,0,0.3433,0,0.0172,0.0303,0.0454,100,false
0.3,0.05,50000,0.5638,0,0,0.3433,0,0.0172,0.0303,0.0454,100,true
0.3,0.05,100000,0.5638,0,0,0.3433,0,0.0172,0.0303,0.0454,100,true
0.3,0.1,10000,0.5591,0.0002,0,0.3525,0,0.0118,0.0251,0.0513,100,false
0.3,0.1,50000,0.5591,0.0002,0,0.3525,0,0.0118,0.0251,0.0513,100,true
0.3,0.1,100000,0.5591,0.0002,0,0.3525,0,0.0118,0.0251,0.0513,100,true
0.3,0.15,10000,0.6726,0.0004,0,0.2456,0,0.0107,0.0196,0.0511,100,false
0.3,0.15,50000,0.6726,0.0004,0,0.2456,0,0.0107,0.0196,0.0511,100,true
0.3,0.15,100000,0.6726,0.0004,0,0.2456,0,0.0107,0.0196,0.0511,100,true
0.3,0.2,10000,0.73,0,0,0.2047,0,0.0056,0.0109,0.0488,100,false
0.3,0.2,50000,0.73,0,0,0.2047,0,0.0056,0.0109,0.0488,100,true
0.3,0.2,100000,0.73,0,0,0.2047,0,0.0056,0.0109,0.0488,100,true
0.3,0.25,10000,0.3405,0,0.2381,0,0.3699,0,0,0.0515,100,false
0.3,0.25,50000,0.316,0,0.269,0,0.3635,0,0,0.0515,100,false
0.3,0.25,100000,0.3462,0,0.2801,0,0.3222,0,0,0.0515,100,false
0.3,0.3,10000,0.3774,0,0.3008,0,0.2709,0,0,0.0509,100,false
0.3,0.3,50000,0.2963,0,0.2972,0,0.3556,0,0,0.0509,100,false
0.3,0.3,100000,0.3189,0,0.3163,0,0.3139,0,0,0.0509,100,false
0.3,0.35,10000,0.2229,0,0.4292,0,0.2954,0,0,0.0525,100,false
0.3,0.35,50000,0.2749,0,0.3231,0,0.3495,0,0,0.0525,100,false
0.3,0.35,100000,0.2758,0,0.3855,0,0.2862,0,0,0.0525,100,false
0.3,0.4,10000,0.2357,0,0.3824,0,0.3264,0,0,0.0555,100,false
0.3,0.4,50000,0.2483,0,0.3826,0,0.3136,0,0,0.0555,100,false
0.3,0.4,100000,0.3009,0,0.3855,0,0.2581,0,0,0.0555,100,false
0.3,0.45,10000,0.2405,0,0.4085,0,0.3024,0,0,0.0486,100,false
0.3,0.45,50000,0.2891,0,0.3286,0,0.3337,0,0,0.0486,100,false
0.3,0.45,100000,0.282,0,0.4186,0,0.2508,0,0,0.0486,100,false
0.3,0.5,10000,0,0.1968,0,0,0.7495,0,0,0.0537,100,false
0.3,0.5,50000,0,0.1968,0,0,0.7495,0,0,0.0537,100,true
0.3,0.5,100000,0,0.1968,0,0,0.7495,0,0,0.0537,100,true
0.3,0.55,10000,0,0.2182,0,0,0.7264,0,0,0.0554,100,false
0.3,0.55,50000,0,0.2182,0,0,0.7264,0,0,0.0554,100,true
0.3,0.55,100000,0,0.2182,0,0,0.7264,0,0,0.0554,100,true
0.3,0.6,50000,0.1206,0.1164,0.1273,0.126,0.1233,0.128,0.124,0.1344,100,true
0.3,0.6,100000,0.1206,0.1164,0.1273,0.126,0.1233,0.128,0.124,0.1344,100,true
0.3,0.65,50000,0.1203,0.1268,0.1289,0.1239,0.1207,0.1296,0.1208,0.129,100,true
0.3,0.65,100000,0.1203,0.1268,0.1289,0.1239,0.1207,0.1296,0.1208,0.129,100,true
0.3,0.7,50000,0.1261,0.1215,0.1251,0.1217,0.1274,0.1268,0.1247,0.1267,100,true
0.3,0.7,100000,0.1261,0.1215,0.1251,0.1217,0.1274,0.1268,0.1247,0.1267,100,true
0.3,0.75,50000,0.1253,0.1227,0.1279,0.1229,0.1227,0.1256,0.1254,0.1275,100,true
0.3,0.75,100000,0.1253,0.1227,0.1279,0.1229,0.1227,0.1256,0.1254,0.1275,100,true
0.3,0.8,50000,0.123,0.1249,0.1237,0.1241,0.1265,0.1308,0.1231,0.1239,100,true
0.3,0.8,100000,0.123,0.1249,0.1237,0.1241,0.1265,0.1308,0.1231,0.1239,100,true
0.3,0.85,50000,0.1244,0.1281,0.1248,0.1214,0.1316,0.1292,0.1192,0.1213,100,true
0.3,0.85,100000,0.1244,0.1281,0.1248,0.1214,0.1316,0.1292,0.1192,0.1213,100,true
0.3,0.9,50000,0.1279,0.1247,0.1225,0.1253,0.1257,0.1192,0.1284,0.1263,100,true
0.3,0.9,100000,0.1279,0.1247,0.1225,0.1253,0.1257,0.1192,0.1284,0.1263,100,true
0.3,0.95,50000,0.1232,0.1285,0.1227,0.1276,0.128,0.1211,0.1237,0.1252,100,true
0.3,0.95,100000,0.1232,0.1285,0.1227,0.1276,0.128,0.1211,0.1237,0.1252,100,true
0.35,0,50000,0.1216,0.1247,0.1297,0.1217,0.125,0.1272,0.1236,0.1265,100,true
0.35,0,100000,0.1216,0.1247,0.1297,0.1217,0.125,0.1272,0.1236,0.1265,100,true
0.35,0.05,50000,0.1258,0.1216,0.129,0.1264,0.1237,0.1268,0.1222,0.1245,100,true
0.35,0.05,100000,0.1258,0.1216,0.129,0.1264,0.1237,0.1268,0.1222,0.1245,100,true
0.35,0.1,50000,0.1244,0.1282,0.1293,0.126,0.1183,0.1243,0.1225,0.127,100,true
0.35,0.1,100000,0.1244,0.1282,0.1293,0.126,0.1183,0.1243,0.1225,0.127,100,true
0.35,0.15,50000,0.1265,0.1237,0.1248,0.1263,0.1243,0.127,0.1172,0.1302,100,true
0.35,0.15,100000,0.1265,0.1237,0.1248,0.1263,0.1243,0.127,0.1172,0.1302,100,true
0.35,0.2,50000,0.1193,0.1233,0.1263,0.1195,0.1267,0.1307,0.1256,0.1286,100,true
0.35,0.2,100000,0.1193,0.1233,0.1263,0.1195,0.1267,0.1307,0.1256,0.1286,100,true
0.35,0.25,50000,0.1248,0.1281,0.1249,0.1257,0.1203,0.1272,0.1237,0.1253,100,true
0.35,0.25,100000,0.1248,0.1281,0.1249,0.1257,0.1203,0.1272,0.1237,0.1253,100,true
0.35,0.3,50000,0.1286,0.123,0.1245,0.1266,0.126,0.1236,0.1249,0.1228,100,true
0.35,0.3,100000,0.1286,0.123,0.1245,0.1266,0.126,0.1236,0.1249,0.1228,100,true
0.35,0.35,50000,0.125,0.1224,0.1269,0.1261,0.1279,0.1236,0.1235,0.1246,100,true
0.35,0.35,100000,0.125,0.1224,0.1269,0.1261,0.1279,0.1236,0.1235,0.1246,100,true
0.35,0.4,50000,0.1248,0.1255,0.1237,0.1271,0.1214,0.1284,0.1282,0.1209,100,true
0.35,0.4,100000,0.1248,0.1255,0.1237,0.1271,0.1214,0.1284,0.1282,0.1209,100,true
0.35,0.45,50000,0.1236,0.1271,0.1247,0.127,0.12,0.129,0.1207,0.1279,100,true
0.35,0.45,100000,0.1236,0.1271,0.1247,0.127,0.12,0.129,0.1207,0.1279,100,true
0.35,0.5,50000,0.1249,0.1255,0.13,0.1233,0.1291,0.1271,0.1215,0.1186,100,true
0.35,0.5,100000,0.1249,0.1255,0.13,0.1233,0.1291,0.1271,0.1215,0.1186,100,true
0.35,0.55,50000,0.1181,0.1189,0.1291,0.1252,0.1282,0.1257,0.1286,0.1262,100,true
0.35,0.55,100000,0.1181,0.1189,0.1291,0.1252,0.1282,0.1257,0.1286,0.1262,100,true
0.35,0.6,50000,0.1233,0.1279,0.1261,0.1278,0.1301,0.1209,0.1203,0.1236,100,true
0.35,0.6,100000,0.1233,0.1279,0.1261,0.1278,0.1301,0.1209,0.1203,0.1236,100,true
0.35,0.65,50000,0.1231,0.1235,0.1202,0.1275,0.1293,0.1247,0.1272,0.1245,100,true
0.35,0.65,100000,0.1231,0.1235,0.1202,0.1275,0.1293,0.1247,0.1272,0.1245,100,true
0.35,0.7,50000,0.1211,0.1218,0.1219,0.1212,0.1271,0.1306,0.129,0.1273,100,true
0.35,0.7,100000,0.1211,0.1218,0.1219,0.1212,0.1271,0.1306,0.129,0.1273,100,true
0.35,0.75,50000,0.1208,0.1248,0.1219,0.1213,0.1297,0.1294,0.1286,0.1235,100,true
0.35,0.75,100000,0.1208,0.1248,0.1219,0.1213,0.1297,0.1294,0.1286,0.1235,100,true
0.35,0.8,50000,0.1245,0.1262,0.1223,0.1282,0.1287,0.1226,0.1247,0.1228,100,true
0.35,0.8,100000,0.1245,0.1262,0.1223,0.1282,0.1287,0.1226,0.1247,0.1228,100,true
0.35,0.85,50000,0.1295,0.1247,0.1235,0.124,0.124,0.1291,0.1217,0.1235,100,true
0.35,0.85,100000,0.1295,0.1247,0.1235,0.124,0.124,0.1291,0.1217,0.1235,100,true
0.35,0.9,50000,0.1247,0.1258,0.1273,0.1252,0.1289,0.1225,0.1257,0.1199,100,true
0.35,0.9,100000,0.1247,0.1258,0.1273,0.1252,0.1289,0.1225,0.1257,0.1199,100,true
0.35,0.95,50000,0.1262,0.1258,0.1268,0.1222,0.119,0.1268,0.1261,0.1271,100,true
0.35,0.95,100000,0.1262,0.1258,0.1268,0.1222,0.119,0.1268,0.1261,0.1271,100,true
0.4,0,50000,0.1234,0.1214,0.1281,0.1279,0.1259,0.1215,0.1292,0.1226,100,true
0.4,0,100000,0.1234,0.1214,0.1281,0.1279,0.1259,0.1215,0.1292,0.1226,100,true
0.4,0.05,50000,0.1254,0.1255,0.1277,0.1307,0.1232,0.1214,0.1265,0.1196,100,true
0.4,0.05,100000,0.1254,0.1255,0.1277,0.1307,0.1232,0.1214,0.1265,0.1196,100,true
0.4,0.1,50000,0.128,0.1246,0.1227,0.1259,0.1227,0.1243,0.1261,0.1257,100,true
0.4,0.1,100000,0.128,0.1246,0.1227,0.1259,0.1227,0.1243,0.1261,0.1257,100,true
0.4,0.15,50000,0.1334,0.1234,0.1219,0.1253,0.1215,0.1231,0.127,0.1244,100,true
0.4,0.15,100000,0.1334,0.1234,0.1219,0.1253,0.1215,0.1231,0.127,0.1244,100,true
0.4,0.2,50000,0.1212,0.1236,0.1274,0.1273,0.1254,0.1285,0.1228,0.1238,100,true
0.4,0.2,100000,0.1212,0.1236,0.1274,0.1273,0.1254,0.1285,0.1228,0.1238,100,true
0.4,0.25,50000,0.1272,0.1255,0.1259,0.125,0.1245,0.1266,0.1228,0.1225,100,true
0.4,0.25,100000,0.1272,0.1255,0.1259,0.125,0.1245,0.1266,0.1228,0.1225,100,true
0.4,0.3,50000,0.1241,0.127,0.1282,0.1238,0.1265,0.1226,0.123,0.1248,100,true
0.4,0.3,100000,0.1241,0.127,0.1282,0.1238,0.1265,0.1226,0.123,0.1248,100,true
0.4,0.35,50000,0.128,0.1221,0.1242,0.1217,0.1283,0.1276,0.1287,0.1194,100,true
0.4,0.35,100000,0.128,0.1221,0.1242,0.1217,0.1283,0.1276,0.1287,0.1194,100,true
0.4,0.4,50000,0.1236,0.1197,0.1307,0.1287,0.1227,0.1251,0.1241,0.1254,100,true
0.4,0.4,100000,0.1236,0.1197,0.1307,0.1287,0.1227,0.1251,0.1241,0.1254,100,true
0.4,0.45,50000,0.1253,0.1224,0.1187,0.1251,0.129,0.127,0.1273,0.1252,100,true
0.4,0.45,100000,0.1253,0.1224,0.1187,0.1251,0.129,0.127,0.1273,0.1252,100,true
0.4,0.5,50000,0.1222,0.1258,0.1217,0.1257,0.1224,0.1268,0.1259,0.1295,100,true
0.4,0.5,100000,0.1222,0.1258,0.1217,0.1257,0.1224,0.1268,0.1259,0.1295,100,true
0.4,0.55,50000,0.1243,0.1238,0.1233,0.1272,0.1227,0.1299,0.128,0.1208,100,true
0.4,0.55,100000,0.1243,0.1238,0.1233,0.1272,0.1227,0.1299,0.128,0.1208,100,true
0.4,0.6,50000,0.1267,0.1265,0.1234,0.1239,0.122,0.129,0.1229,0.1256,100,true
0.4,0.6,100000,0.1267,0.1265,0.1234,0.1239,0.122,0.129,0.1229,0.1256,100,true
0.4,0.65,50000,0.1214,0.126,0.129,0.123,0.1188,0.1284,0.125,0.1284,100,true
0.4,0.65,100000,0.1214,0.126,0.129,0.123,0.1188,0.1284,0.125,0.1284,100,true
0.4,0.7,50000,0.1253,0.1187,0.125,0.1217,0.1314,0.1253,0.1247,0.1279,100,true
0.4,0.7,100000,0.1253,0.1187,0.125,0.1217,0.1314,0.1253,0.1247,0.1279,100,true
0.4,0.75,50000,0.1245,0.1284,0.128,0.1231,0.1211,0.1272,0.1286,0.1191,100,true
0.4,0.75,100000,0.1245,0.1284,0.128,0.1231,0.1211,0.1272,0.1286,0.1191,100,true
0.4,0.8,50000,0.1272,0.1239,0.1253,0.13,0.1258,0.1209,0.1193,0.1276,100,true
0.4,0.8,100000,0.1272,0.1239,0.1253,0.13,0.1258,0.1209,0.1193,0.1276,100,true
0.4,0.85,50000,0.1258,0.1265,0.1227,0.12,0.1264,0.1264,0.1287,0.1235,100,true
0.4,0.85,100000,0.1258,0.1265,0.1227,0.12,0.1264,0.1264,0.1287,0.1235,100,true
0.4,0.9,50000,0.1272,0.1228,0.122,0.1237,0.1255,0.1293,0.1232,0.1263,100,true
0.4,0.9,100000,0.1272,0.1228,0.122,0.1237,0.1255,0.1293,0.1232,0.1263,100,true
0.4,0.95,50000,0.1236,0.1293,0.1303,0.1214,0.1185,0.1301,0.1229,0.1239,100,true
0.4,0.95,100000,0.1236,0.1293,0.1303,0.1214,0.1185,0.1301,0.1229,0.1239,100,true
0.45,0,50000,0.129,0.1232,0.1255,0.12,0.1269,0.129,0.1211,0.1253,100,true
0.45,0,100000,0.129,0.1232,0.1255,0.12,0.1269,0.129,0.1211,0.1253,100,true
0.45,0.05,50000,0.1198,0.1292,0.125,0.1257,0.1237,0.123,0.1282,0.1254,100,true
0.45,0.05,100000,0.1198,0.1292,0.125,0.1257,0.1237,0.123,0.1282,0.1254,100,true
0.45,0.1,50000,0.1226,0.1189,0.1256,0.1244,0.1291,0.1225,0.132,0.1249,100,true
0.45,0.1,100000,0.1226,0.1189,0.1256,0.1244,0.1291,0.1225,0.132,0.1249,100,true
0.45,0.15,50000,0.1198,0.125,0.1282,0.1246,0.1222,0.1253,0.1263,0.1286,100,true
0.45,0.15,100000,0.1198,0.125,0.1282,0.1246,0.1222,0.1253,0.1263,0.1286,100,true
0.45,0.2,50000,0.1283,0.1269,0.1263,0.1241,0.1225,0.1288,0.1243,0.1188,100,true
0.45,0.2,100000,0.1283,0.1269,0.1263,0.1241,0.1225,0.1288,0.1243,0.1188,100,true
0.45,0.25,50000,0.13,0.1259,0.1229,0.1274,0.1244,0.1225,0.1276,0.1193,100,true
0.45,0.25,100000,0.13,0.1259,0.1229,0.1274,0.1244,0.1225,0.1276,0.1193,100,true
0.45,0.3,50000,0.1228,0.127,0.1263,0.1227,0.1226,0.1318,0.1195,0.1273,100,true
0.45,0.3,100000,0.1228,0.127,0.1263,0.1227,0.1226,0.1318,0.1195,0.1273,100,true
0.45,0.35,50000,0.1271,0.1264,0.1236,0.1233,0.1275,0.1248,0.1266,0.1207,100,true
0.45,0.35,100000,0.1271,0.1264,0.1236,0.1233,0.1275,0.1248,0.1266,0.1207,100,true
0.45,0.4,50000,0.1299,0.1294,0.1219,0.1214,0.1259,0.1255,0.1195,0.1265,100,true
0.45,0.4,100000,0.1299,0.1294,0.1219,0.1214,0.1259,0.1255,0.1195,0.1265,100,true
0.45,0.45,50000,0.1252,0.1233,0.1222,0.1284,0.1291,0.12,0.1255,0.1263,100,true
0.45,0.45,100000,0.1252,0.1233,0.1222,0.1284,0.1291,0.12,0.1255,0.1263,100,true
0.45,0.5,50000,0.1264,0.1264,0.1233,0.1225,0.1275,0.1263,0.1267,0.1209,100,true
0.45,0.5,100000,0.1264,0.1264,0.1233,0.1225,0.1275,0.1263,0.1267,0.1209,100,true
0.45,0.55,50000,0.1268,0.127,0.1283,0.1214,0.1271,0.1237,0.1196,0.1261,100,true
0.45,0.55,100000,0.1268,0.127,0.1283,0.1214,0.1271,0.1237,0.1196,0.1261,100,true
0.45,0.6,50000,0.1252,0.1252,0.1237,0.1246,0.122,0.1245,0.1286,0.1262,100,true
0.45,0.6,100000,0.1252,0.1252,0.1237,0.1246,0.122,0.1245,0.1286,0.1262,100,true
0.45,0.65,50000,0.125,0.1262,0.1193,0.128,0.1252,0.1287,0.1207,0.1269,100,true
0.45,0.65,100000,0.125,0.1262,0.1193,0.128,0.1252,0.1287,0.1207,0.1269,100,true
0.45,0.7,50000,0.1323,0.1243,0.1238,0.1227,0.122,0.1241,0.1273,0.1235,100,true
0.45,0.7,100000,0.1323,0.1243,0.1238,0.1227,0.122,0.1241,0.1273,0.1235,100,true
0.45,0.75,50000,0.1239,0.1298,0.1285,0.1196,0.1277,0.1225,0.1226,0.1254,100,true
0.45,0.75,100000,0.1239,0.1298,0.1285,0.1196,0.1277,0.1225,0.1226,0.1254,100,true
0.45,0.8,50000,0.1226,0.1294,0.1253,0.1199,0.1282,0.12,0.1273,0.1273,100,true
0.45,0.8,100000,0.1226,0.1294,0.1253,0.1199,0.1282,0.12,0.1273,0.1273,100,true
0.45,0.85,50000,0.1233,0.1238,0.1264,0.1268,0.1271,0.1239,0.1267,0.122,100,true
0.45,0.85,100000,0.1233,0.1238,0.1264,0.1268,0.1271,0.1239,0.1267,0.122,100,true
0.45,0.9,50000,0.1258,0.1285,0.1248,0.1261,0.1258,0.125,0.1238,0.1202,100,true
0.45,0.9,100000,0.1258,0.1285,0.1248,0.1261,0.1258,0.125,0.1238,0.1202,100,true
0.45,0.95,50000,0.1254,0.1224,0.1246,0.1268,0.1288,0.1263,0.123,0.1227,100,true
0.45,0.95,100000,0.1254,0.1224,0.1246,0.1268,0.1288,0.1263,0.123,0.1227,100,true
0.5,0,50000,0.1299,0.1261,0.125,0.1226,0.1223,0.1215,0.1263,0.1263,100,true
0.5,0,100000,0.1299,0.1261,0.125,0.1226,0.1223,0.1215,0.1263,0.1263,100,true
0.5,0.05,50000,0.1208,0.1227,0.1243,0.125,0.1281,0.1246,0.121,0.1335,100,true
0.5,0.05,100000,0.1208,0.1227,0.1243,0.125,0.1281,0.1246,0.121,0.1335,100,true
0.5,0.1,50000,0.1182,0.1314,0.127,0.124,0.125,0.1245,0.1247,0.1252,100,true
0.5,0.1,100000,0.1182,0.1314,0.127,0.124,0.125,0.1245,0.1247,0.1252,100,true
0.5,0.15,50000,0.1287,0.1187,0.1176,0.1269,0.1287,0.1197,0.1316,0.1281,100,true
0.5,0.15,100000,0.1287,0.1187,0.1176,0.1269,0.1287,0.1197,0.1316,0.1281,100,true
0.5,0.2,50000,0.1238,0.1242,0.1253,0.1263,0.1266,0.1257,0.1201,0.128,100,true
0.5,0.2,100000,0.1238,0.1242,0.1253,0.1263,0.1266,0.1257,0.1201,0.128,100,true
0.5,0.25,50000,0.1213,0.1267,0.1238,0.1205,0.1274,0.1316,0.1228,0.1259,100,true
0.5,0.25,100000,0.1213,0.1267,0.1238,0.1205,0.1274,0.1316,0.1228,0.1259,100,true
0.5,0.3,50000,0.1263,0.1206,0.1219,0.1182,0.1293,0.1247,0.1279,0.1311,100,true
0.5,0.3,100000,0.1263,0.1206,0.1219,0.1182,0.1293,0.1247,0.1279,0.1311,100,true
0.5,0.35,50000,0.1234,0.1259,0.1242,0.1234,0.124,0.1313,0.1233,0.1245,100,true
0.5,0.35,100000,0.1234,0.1259,0.1242,0.1234,0.124,0.1313,0.1233,0.1245,100,true
0.5,0.4,50000,0.1272,0.124,0.1229,0.1218,0.1241,0.1272,0.1232,0.1296,100,true
0.5,0.4,100000,0.1272,0.124,0.1229,0.1218,0.1241,0.1272,0.1232,0.1296,100,true
0.5,0.45,50000,0.1288,0.1239,0.1257,0.1237,0.1275,0.1257,0.1262,0.1185,100,true
0.5,0.45,100000,0.1288,0.1239,0.1257,0.1237,0.1275,0.1257,0.1262,0.1185,100,true
0.5,0.5,50000,0.1217,0.1245,0.1237,0.1256,0.1261,0.1298,0.1229,0.1257,100,true
0.5,0.5,100000,0.1217,0.1245,0.1237,0.1256,0.1261,0.1298,0.1229,0.1257,100,true
0.5,0.55,50000,0.1211,0.1235,0.1271,0.1271,0.1245,0.1232,0.1255,0.128,100,true
0.5,0.55,100000,0.1211,0.1235,0.1271,0.1271,0.1245,0.1232,0.1255,0.128,100,true
0.5,0.6,50000,0.1288,0.1256,0.1182,0.1288,0.1246,0.1215,0.1239,0.1286,100,true
0.5,0.6,100000,0.1288,0.1256,0.1182,0.1288,0.1246,0.1215,0.1239,0.1286,100,true
0.5,0.65,50000,0.1259,0.123,0.1172,0.1268,0.1254,0.1246,0.1271,0.13,100,true
0.5,0.65,100000,0.1259,0.123,0.1172,0.1268,0.1254,0.1246,0.1271,0.13,100,true
0.5,0.7,50000,0.1298,0.1229,0.1303,0.1234,0.1214,0.1259,0.1245,0.1218,100,true
0.5,0.7,100000,0.1298,0.1229,0.1303,0.1234,0.1214,0.1259,0.1245,0.1218,100,true
0.5,0.75,50000,0.1311,0.1286,0.1234,0.1289,0.1217,0.1208,0.1212,0.1243,100,true
0.5,0.75,100000,0.1311,0.1286,0.1234,0.1289,0.1217,0.1208,0.1212,0.1243,100,true
0.5,0.8,50000,0.1229,0.1256,0.1249,0.1265,0.1284,0.123,0.1255,0.1232,100,true
0.5,0.8,100000,0.1229,0.1256,0.1249,0.1265,0.1284,0.123,0.1255,0.1232,100,true
0.5,0.85,50000,0.1236,0.1197,0.1287,0.1289,0.1224,0.1301,0.1241,0.1225,100,true
0.5,0.85,100000,0.1236,0.1197,0.1287,0.1289,0.1224,0.1301,0.1241,0.1225,100,true
0.5,0.9,50000,0.1233,0.1239,0.1229,0.1214,0.1267,0.1231,0.1289,0.1298,100,true
0.5,0.9,100000,0.1233,0.1239,0.1229,0.1214,0.1267,0.1231,0.1289,0.1298,100,true
0.5,0.95,50000,0.1267,0.1264,0.1273,0.1255,0.1212,0.1272,0.1178,0.1279,100,true
0.5,0.95,100000,0.1267,0.1264,0.1273,0.1255,0.1212,0.1272,0.1178,0.1279,100,true
0.55,0,50000,0.1246,0.1199,0.126,0.125,0.127,0.1253,0.1207,0.1315,100,true
0.55,0,100000,0.1246,0.1199,0.126,0.125,0.127,0.1253,0.1207,0.1315,100,true
0.55,0.05,50000,0.1261,0.1175,0.1273,0.131,0.1263,0.1264,0.1197,0.1257,100,true
0.55,0.05,100000,0.1261,0.1175,0.1273,0.131,0.1263,0.1264,0.1197,0.1257,100,true
0.55,0.1,50000,0.1247,0.1215,0.124,0.1274,0.1313,0.1286,0.1173,0.1252,100,true
0.55,0.1,100000,0.1247,0.1215,0.124,0.1274,0.1313,0.1286,0.1173,0.1252,100,true
0.55,0.15,50000,0.1239,0.1276,0.1206,0.1245,0.124,0.1249,0.1265,0.128,100,true
0.55,0.15,100000,0.1239,0.1276,0.1206,0.1245,0.124,0.1249,0.1265,0.128,100,true
0.55,0.2,50000,0.1293,0.1234,0.1233,0.1257,0.1239,0.1219,0.1203,0.1322,100,true
0.55,0.2,100000,0.1293,0.1234,0.1233,0.1257,0.1239,0.1219,0.1203,0.1322,100,true
0.55,0.25,50000,0.1293,0.1211,0.1264,0.1251,0.1199,0.1234,0.1263,0.1285,100,true
0.55,0.25,100000,0.1293,0.1211,0.1264,0.1251,0.1199,0.1234,0.1263,0.1285,100,true
0.55,0.3,50000,0.118,0.1279,0.1303,0.1274,0.125,0.13,0.1205,0.1209,100,true
0.55,0.3,100000,0.118,0.1279,0.1303,0.1274,0.125,0.13,0.1205,0.1209,100,true
0.55,0.35,50000,0.1258,0.125,0.1283,0.126,0.1245,0.1268,0.1261,0.1175,100,true
0.55,0.35,100000,0.1258,0.125,0.1283,0.126,0.1245,0.1268,0.1261,0.1175,100,true
0.55,0.4,50000,0.1264,0.123,0.1304,0.1262,0.1224,0.1208,0.1241,0.1267,100,true
0.55,0.4,100000,0.1264,0.123,0.1304,0.1262,0.1224,0.1208,0.1241,0.1267,100,true
0.55,0.45,50000,0.1241,0.1188,0.1297,0.12,0.1293,0.134,0.1251,0.119,100,true
0.55,0.45,100000,0.1241,0.1188,0.1297,0.12,0.1293,0.134,0.1251,0.119,100,true
0.55,0.5,50000,0.1219,0.1292,0.1247,0.1195,0.121,0.1289,0.1261,0.1287,100,true
0.55,0.5,100000,0.1219,0.1292,0.1247,0.1195,0.121,0.1289,0.1261,0.1287,100,true
0.55,0.55,50000,0.1245,0.1258,0.121,0.1331,0.1251,0.125,0.1169,0.1286,100,true
0.55,0.55,100000,0.1245,0.1258,0.121,0.1331,0.1251,0.125,0.1169,0.1286,100,true
0.55,0.6,50000,0.1269,0.1229,0.1275,0.1268,0.1235,0.1208,0.127,0.1246,100,true
0.55,0.6,100000,0.1269,0.1229,0.1275,0.1268,0.1235,0.1208,0.127,0.1246,100,true
0.55,0.65,50000,0.1211,0.1268,0.1325,0.1236,0.1236,0.1251,0.1229,0.1244,100,true
0.55,0.65,100000,0.1211,0.1268,0.1325,0.1236,0.1236,0.1251,0.1229,0.1244,100,true
