alpha,beta,gamma,mcs,s0,s1,s2,s3,s4,s5,s6,s7,length,stable
0,0.75,1,10000,0.00194844,0.398681,0.00587188,0.211255,0.0658266,0.0797828,0.0225969,0.214037,800,true
0,0.75,1,50000,0.00194844,0.398681,0.00587188,0.211255,0.0658266,0.0797828,0.0225969,0.214037,800,true
0,0.75,1,100000,0.00194844,0.398681,0.00587188,0.211255,0.0658266,0.0797828,0.0225969,0.214037,800,true
0,0.75,1,250000,0.00194844,0.398681,0.00587188,0.211255,0.0658266,0.0797828,0.0225969,0.214037,800,true
0,0.75,1,500000,0.00194844,0.398681,0.00587188,0.211255,0.0658266,0.0797828,0.0225969,0.214037,800,true
0.05,0.75,1,1000,0.0943703,0.209125,0.0992719,0.141109,0.11237,0.0854328,0.0838469,0.174473,800,false
0,0.75,1,10000,0.0023625,0.391339,0.00602656,0.227205,0.0589141,0.0829297,0.0216094,0.209614,800,true
0,0.75,1,50000,0.0023625,0.391339,0.00602656,0.227205,0.0589141,0.0829297,0.0216094,0.209614,800,true
0,0.75,1,100000,0.0023625,0.391339,0.00602656,0.227205,0.0589141,0.0829297,0.0216094,0.209614,800,true
0,0.75,1,250000,0.0023625,0.391339,0.00602656,0.227205,0.0589141,0.0829297,0.0216094,0.209614,800,true
0,0.75,1,500000,0.0023625,0.391339,0.00602656,0.227205,0.0589141,0.0829297,0.0216094,0.209614,800,true
0.05,0.75,1,10000,0.153877,0.167378,0.159753,0.109022,0.162411,0.0037625,0.123809,0.119987,800,false
0.05,0.75,1,1000,0.0858094,0.186278,0.103914,0.144372,0.112067,0.102939,0.0941109,0.170509,800,false
0.05,0.75,1,10000,0.14488,0.183656,0.146661,0.0982484,0.162122,0.011,0.120308,0.133125,800,false
0,0.75,1,10000,0.00218594,0.395742,0.00608906,0.222578,0.0622125,0.0809344,0.0205109,0.209747,800,true
0,0.75,1,50000,0.00218594,0.395742,0.00608906,0.222578,0.0622125,0.0809344,0.0205109,0.209747,800,true
0,0.75,1,100000,0.00218594,0.395742,0.00608906,0.222578,0.0622125,0.0809344,0.0205109,0.209747,800,true
0,0.75,1,250000,0.00218594,0.395742,0.00608906,0.222578,0.0622125,0.0809344,0.0205109,0.209747,800,true
0,0.75,1,500000,0.00218594,0.395742,0.00608906,0.222578,0.0622125,0.0809344,0.0205109,0.209747,800,true
0.05,0.75,1,1000,0.0908297,0.195528,0.0991516,0.139788,0.118034,0.100433,0.0856844,0.170552,800,false
0.05,0.75,1,10000,0.149694,0.194494,0.153873,0.0918531,0.154264,0.0108969,0.116323,0.128602,800,false
0.05,0.75,1,50000,0.148756,0.186139,0.15337,0.0961203,0.171113,0,0.133895,0.110606,800,false
0.05,0.75,1,50000,0.152602,0.183077,0.143991,0.0843469,0.18422,0,0.135631,0.116133,800,false
0.05,0.75,1,50000,0.1598,0.183541,0.159491,0.0900922,0.160683,0,0.134692,0.111702,800,false
0.05,0.75,1,100000,0.153059,0.173013,0.159345,0.0874578,0.179402,0,0.131808,0.115916,800,false
0.05,0.75,1,100000,0.146052,0.183541,0.160084,0.0892031,0.169831,0,0.13273,0.118559,800,false
0.05,0.75,1,100000,0.15618,0.184467,0.160492,0.0915516,0.175519,0,0.126747,0.105044,800,false
0.05,0.75,1,250000,0.156659,0.188663,0.160327,0.0915891,0.173248,0,0.126506,0.103008,800,false
0.05,0.75,1,250000,0.153923,0.184727,0.145611,0.0948438,0.175384,0,0.140098,0.105413,800,false
0.05,0.75,1,250000,0.159322,0.177261,0.158744,0.0925563,0.174158,0,0.126312,0.111647,800,false
0.05,0.75,1,500000,0.155172,0.177464,0.144762,0.0846609,0.173248,0,0.142059,0.122633,800,false
0.1,0.75,1,1000,0.119761,0.17887,0.126394,0.115456,0.153606,0.0423922,0.115078,0.148442,800,false
0.1,0.75,1,10000,0.152248,0.190166,0.148473,0.0812953,0.176258,0,0.135917,0.115642,800,false
0.05,0.75,1,500000,0.150978,0.178659,0.165928,0.0823469,0.177252,0,0.134417,0.110419,800,false
0.1,0.75,1,1000,0.114861,0.183106,0.135247,0.116141,0.147583,0.0427922,0.115534,0.144736,800,false
0.1,0.75,1,10000,0.155517,0.177319,0.144914,0.0805156,0.191723,0,0.133678,0.116333,800,false
0.1,0.75,1,50000,0.143223,0.183445,0.155205,0.0788937,0.178428,0,0.140878,0.119927,800,false
0.1,0.75,1,50000,0.156269,0.173728,0.14945,0.0873641,0.174867,0,0.14152,0.116802,800,false
0.1,0.75,1,100000,0.15232,0.178364,0.143264,0.0839234,0.193098,0,0.137289,0.111741,800,false
0.1,0.75,1,100000,0.151342,0.179573,0.140789,0.100536,0.177253,0,0.13265,0.117856,800,false
0.1,0.75,1,250000,0.142731,0.181059,0.147084,0.0842734,0.181631,0,0.146466,0.116755,800,false
0.1,0.75,1,250000,0.158633,0.182639,0.143492,0.082025,0.192819,0,0.132692,0.1077,800,false
0.1,0.75,1,500000,0.144323,0.174984,0.148187,0.0944328,0.189953,0,0.145031,0.103087,800,false
0.15,0.75,1,1000,0.129134,0.187484,0.136389,0.0911891,0.176148,0.0323203,0.118703,0.128631,800,false
0.15,0.75,1,10000,0.136033,0.189478,0.137922,0.0885344,0.195433,0,0.143577,0.109023,800,false
0.1,0.75,1,500000,0.151505,0.188277,0.144781,0.0915,0.168758,0,0.139867,0.115312,800,false
0.15,0.75,1,1000,0.122672,0.193581,0.133492,0.112763,0.162369,0.0359594,0.120525,0.118639,800,false
0.15,0.75,1,10000,0.137522,0.188761,0.143839,0.0899234,0.18447,0,0.136514,0.11897,800,false
0.15,0.75,1,50000,0.13368,0.182594,0.143827,0.0924297,0.187025,0,0.14003,0.120416,800,false
0.15,0.75,1,50000,0.135178,0.172956,0.149573,0.0915766,0.187797,0,0.152523,0.110395,800,false
0.15,0.75,1,100000,0.140352,0.178248,0.143864,0.0813516,0.182737,0,0.149042,0.124405,800,false
0.15,0.75,1,100000,0.139186,0.173144,0.153272,0.0793031,0.18865,0,0.149359,0.117086,800,false
0.15,0.75,1,250000,0.149995,0.187066,0.136033,0.0886906,0.193611,0,0.129773,0.114831,800,false
0.15,0.75,1,250000,0.145469,0.176292,0.134472,0.0935578,0.191722,0,0.135266,0.123222,800,false
0.15,0.75,1,500000,0.14743,0.181503,0.143788,0.0803922,0.191078,0,0.149164,0.106645,800,false
0.2,0.75,1,1000,0.109863,0.17658,0.126469,0.105188,0.167711,0.0329812,0.129702,0.151508,800,false
0.2,0.75,1,10000,0.140647,0.191811,0.141387,0.0838406,0.186434,0,0.144141,0.111739,800,false
0.15,0.75,1,500000,0.137833,0.183139,0.144714,0.08365,0.18532,0,0.150983,0.114361,800,false
0.2,0.75,1,1000,0.117517,0.201483,0.12242,0.0975781,0.153664,0.0338219,0.135611,0.137905,800,false
0.2,0.75,1,10000,0.132281,0.182219,0.145831,0.0812891,0.205584,0,0.132881,0.119914,800,false
0.2,0.75,1,50000,0.127787,0.193013,0.135106,0.102081,0.202286,0,0.134605,0.105122,800,false
0.2,0.75,1,50000,0.133855,0.182136,0.146684,0.0817531,0.182303,0,0.147623,0.125645,800,false
0.2,0.75,1,100000,0.133328,0.190391,0.141758,0.08865,0.187762,0,0.138923,0.119188,800,false
0.2,0.75,1,100000,0.129319,0.179348,0.144372,0.0823047,0.184053,0,0.153908,0.126695,800,false
0.2,0.75,1,250000,0.132931,0.198781,0.134162,0.0895031,0.18002,0,0.153163,0.111439,800,false
0.2,0.75,1,250000,0.126925,0.1968,0.138494,0.0816391,0.193837,0,0.148723,0.113581,800,false
0.2,0.75,1,500000,0.123808,0.185044,0.13867,0.0882719,0.201075,0,0.143609,0.119522,800,false
0.25,0.75,1,1000,0.1107,0.192534,0.112947,0.110625,0.156683,0.0352969,0.129823,0.151391,800,false
0.25,0.75,1,10000,0.118495,0.207405,0.126844,0.0796344,0.198923,0,0.157942,0.110756,800,false
0.2,0.75,1,500000,0.132928,0.181863,0.148308,0.0853813,0.178884,0,0.145592,0.127044,800,false
0.25,0.75,1,1000,0.102022,0.192095,0.120548,0.109408,0.175031,0.0333641,0.125686,0.141845,800,false
0.25,0.75,1,10000,0.123936,0.192167,0.128606,0.0832187,0.227305,0,0.138986,0.105781,800,false
0.25,0.75,1,50000,0.115931,0.213655,0.137192,0.0762469,0.20923,0,0.140483,0.107262,800,false
0.25,0.75,1,50000,0.126497,0.193541,0.130967,0.0851313,0.204344,0,0.155238,0.104283,800,false
0.25,0.75,1,100000,0.130106,0.195672,0.137942,0.0880422,0.199845,0,0.144483,0.103909,800,false
0.25,0.75,1,100000,0.122725,0.191944,0.134169,0.0839266,0.193091,0,0.148692,0.125453,800,false
0.25,0.75,1,250000,0.120564,0.193811,0.129742,0.0832172,0.202834,0,0.149347,0.120484,800,false
0.25,0.75,1,250000,0.119925,0.199145,0.134052,0.0764734,0.206208,0,0.147552,0.116645,800,false
0.25,0.75,1,500000,0.110006,0.197733,0.133277,0.0898203,0.198437,0,0.148512,0.122214,800,false
0.3,0.75,1,1000,0.08885,0.213014,0.114489,0.104772,0.156745,0.0400484,0.129956,0.152125,800,false
0.3,0.75,1,10000,0.117066,0.191681,0.148116,0.0810094,0.186463,0,0.158508,0.117158,800,false
0.25,0.75,1,500000,0.129719,0.189917,0.13895,0.0780625,0.195361,0,0.156084,0.111906,800,false
0.3,0.75,1,1000,0.100547,0.218469,0.118131,0.0993672,0.171894,0.0344391,0.125598,0.131555,800,false
0.3,0.75,1,10000,0.121686,0.205228,0.120325,0.0815234,0.213939,0,0.139284,0.118014,800,false
0.3,0.75,1,50000,0.117169,0.198119,0.134303,0.0786562,0.2014,0,0.148998,0.121355,800,false
0.3,0.75,1,50000,0.118548,0.199767,0.130447,0.0782375,0.212384,0,0.152136,0.10848,800,false
0.3,0.75,1,100000,0.116231,0.211323,0.118803,0.0722531,0.219364,0,0.148116,0.113909,800,false
0.3,0.75,1,100000,0.104384,0.223453,0.114391,0.0773719,0.229144,0,0.151009,0.100247,800,false
0.3,0.75,1,250000,0.110687,0.208789,0.123083,0.0871469,0.202975,0,0.149561,0.117758,800,false
0.3,0.75,1,250000,0.114767,0.203278,0.136047,0.0722172,0.202717,0,0.157714,0.113259,800,false
0.3,0.75,1,500000,0.111456,0.210497,0.121864,0.0754766,0.22193,0,0.14762,0.111156,800,false
0.35,0.75,1,1000,0.0629797,0.259628,0.0762078,0.132564,0.113594,0.0850344,0.0900703,0.179922,800,false
0.35,0.75,1,10000,0.0698531,0.218745,0.0748297,0.136948,0.145381,0.0938313,0.0956781,0.164733,800,false
0.3,0.75,1,500000,0.113078,0.203589,0.119625,0.0833234,0.221528,0,0.145105,0.113752,800,false
0.35,0.75,1,1000,0.0706641,0.235108,0.0934578,0.123805,0.151562,0.0558109,0.111208,0.158384,800,false
0.35,0.75,1,10000,0.0969422,0.212398,0.115108,0.0759859,0.223741,0,0.154394,0.121431,800,false
0.35,0.75,1,50000,0,0.248914,0,0.245636,0,0.250098,0,0.255352,800,false
0.35,0.75,1,50000,0.102931,0.205864,0.132481,0.0769109,0.220177,0,0.14593,0.115706,800,false
0.35,0.75,1,100000,0,0.241731,0,0.255181,0,0.250603,0,0.252484,800,false
0.35,0.75,1,100000,0.102244,0.215441,0.111039,0.0796844,0.206987,0,0.159466,0.125139,800,false
0.35,0.75,1,250000,0,0.241109,0,0.256205,0,0.253713,0,0.248973,800,false
0.35,0.75,1,250000,0.104027,0.216384,0.126309,0.0688297,0.213269,0,0.149514,0.121667,800,false
0.3,0.75,1,1000,0.0868672,0.200806,0.107752,0.106233,0.164814,0.0477547,0.127741,0.158033,800,false
0.3,0.75,1,10000,0.107673,0.209055,0.119487,0.0857187,0.207047,0,0.151592,0.119427,800,false
0.3,0.75,1,1000,0.0902437,0.21088,0.105633,0.118083,0.153116,0.0547422,0.110398,0.156905,800,false
0.3,0.75,1,10000,0.113355,0.201094,0.138186,0.0708891,0.214022,0,0.150002,0.112453,800,false
0.3,0.75,1,50000,0.107067,0.210391,0.119759,0.0828563,0.202609,0,0.160344,0.116973,800,false
0.3,0.75,1,50000,0.114064,0.199034,0.11953,0.0898547,0.224988,0,0.141109,0.11142,800,false
0.3,0.75,1,100000,0.118234,0.1932,0.141303,0.0879406,0.197383,0,0.15133,0.110609,800,false
0.3,0.75,1,100000,0.117456,0.212592,0.119905,0.0898687,0.202716,0,0.155019,0.102444,800,false
0.35,0.75,1,500000,0,0.251783,0,0.250295,0,0.247539,0,0.250383,800,false
0.4,0.75,1,1000,0.0374125,0.241541,0.0466281,0.182983,0.0825281,0.148259,0.0622844,0.198364,800,false
0.4,0.75,1,10000,0,0.24292,0,0.251312,0,0.2556,0,0.250167,800,false
0.35,0.75,1,500000,0.107963,0.222022,0.112636,0.0735375,0.212438,0,0.149863,0.121542,800,false
0.4,0.75,1,1000,0.0314719,0.255205,0.0420141,0.181037,0.0780094,0.150392,0.0559813,0.205889,800,false
0.4,0.75,1,10000,0,0.252453,0,0.244078,0,0.250347,0,0.253122,800,false
0.3,0.75,1,250000,0.113125,0.206666,0.119977,0.0895922,0.199227,0,0.149333,0.122081,800,false
0.4,0.75,1,50000,0,0.248828,0,0.245064,0,0.254928,0,0.25118,800,false
0.4,0.75,1,50000,0,0.237905,0,0.243352,0,0.25687,0,0.261873,800,false
0.3,0.75,1,250000,0.115509,0.195936,0.130977,0.0795141,0.198098,0,0.146388,0.133578,800,false
0.4,0.75,1,100000,0,0.248647,0,0.253937,0,0.247017,0,0.250398,800,false
0.4,0.75,1,100000,0,0.237578,0,0.252466,0,0.257955,0,0.252002,800,false
0.4,0.75,1,250000,0,0.25013,0,0.256809,0,0.250091,0,0.24297,800,false
0.4,0.75,1,250000,0,0.250847,0,0.248967,0,0.251434,0,0.248752,800,false
0.3,0.75,1,500000,0.112259,0.209941,0.123711,0.0810687,0.207506,0,0.159564,0.10595,800,false
0.35,0.75,1,1000,0.0667313,0.229594,0.0839547,0.125452,0.148573,0.0695125,0.111922,0.164261,800,false
0.35,0.75,1,10000,0.100758,0.225522,0.10627,0.0815953,0.212267,0.0100516,0.141644,0.121892,800,false
0.3,0.75,1,500000,0.125653,0.205228,0.122434,0.0863562,0.197411,0,0.148034,0.114883,800,false
0.35,0.75,1,1000,0.0684281,0.2218,0.0768563,0.141934,0.134852,0.0865156,0.088175,0.181439,800,false
0.35,0.75,1,10000,0.0957094,0.2279,0.107725,0.0900125,0.183,0.0231766,0.128647,0.14383,800,false
0.35,0.75,1,50000,0.102639,0.213369,0.115111,0.0859531,0.206025,0,0.161191,0.115712,800,false
0.35,0.75,1,50000,0.0887469,0.219003,0.108441,0.0806328,0.229252,0,0.152848,0.121077,800,false
0.35,0.75,1,100000,0.0927969,0.214981,0.11503,0.0708609,0.223381,0,0.148584,0.134366,800,false
0.35,0.75,1,100000,0.0982375,0.222811,0.116392,0.0792812,0.20438,0,0.1476,0.131298,800,false
0.4,0.75,1,500000,0,0.250533,0,0.252555,0,0.249691,0,0.247222,800,false
0,0.75,1,10000,0.00224844,0.397102,0.00582969,0.220177,0.0639516,0.0825891,0.0213,0.206803,800,true
0,0.75,1,50000,0.00224844,0.397102,0.00582969,0.220177,0.0639516,0.0825891,0.0213,0.206803,800,true
0,0.75,1,100000,0.00224844,0.397102,0.00582969,0.220177,0.0639516,0.0825891,0.0213,0.206803,800,true
0,0.75,1,250000,0.00224844,0.397102,0.00582969,0.220177,0.0639516,0.0825891,0.0213,0.206803,800,true
0,0.75,1,500000,0.00224844,0.397102,0.00582969,0.220177,0.0639516,0.0825891,0.0213,0.206803,800,true
0.05,0.75,1,1000,0.0959266,0.178864,0.0944594,0.142572,0.114319,0.1067,0.0905953,0.176564,800,false
0.05,0.75,1,10000,0.153809,0.188052,0.146019,0.0962047,0.170452,0.0046125,0.122477,0.118375,800,false
0.4,0.75,1,500000,0,0.250723,0,0.253703,0,0.241994,0,0.25358,800,false
0,0.75,1,1000,0.00230469,0.393462,0.00566875,0.222148,0.0613047,0.0817453,0.0228953,0.21047,800,false
0,0.75,1,10000,0.00230469,0.393462,0.00566875,0.222148,0.0613047,0.0817453,0.0228953,0.21047,800,true
0,0.75,1,50000,0.00230469,0.393462,0.00566875,0.222148,0.0613047,0.0817453,0.0228953,0.21047,800,true
0,0.75,1,100000,0.00230469,0.393462,0.00566875,0.222148,0.0613047,0.0817453,0.0228953,0.21047,800,true
0,0.75,1,250000,0.00230469,0.393462,0.00566875,0.222148,0.0613047,0.0817453,0.0228953,0.21047,800,true
0,0.75,1,500000,0.00230469,0.393462,0.00566875,0.222148,0.0613047,0.0817453,0.0228953,0.21047,800,true
0.05,0.75,1,1000,0.0924,0.19792,0.1055,0.151689,0.105688,0.109325,0.0763406,0.161137,800,false
0.05,0.75,1,10000,0.148723,0.185544,0.144186,0.0994672,0.162006,0.0139875,0.121956,0.12413,800,false
0.05,0.75,1,50000,0.159125,0.189027,0.154417,0.0850281,0.169603,0,0.133603,0.109197,800,false
0.35,0.75,1,250000,0.100248,0.218792,0.118908,0.0777203,0.202792,0,0.153548,0.127991,800,false
0.05,0.75,1,50000,0.157862,0.180602,0.160017,0.0843875,0.174773,0,0.122416,0.119942,800,false
0.05,0.75,1,100000,0.149613,0.186231,0.154398,0.0872219,0.184027,0,0.130339,0.10817,800,false
0.35,0.75,1,250000,0.109305,0.218189,0.129655,0.0720609,0.210633,0,0.15087,0.109287,800,false
0.05,0.75,1,100000,0.150844,0.17732,0.156147,0.0995063,0.181406,0,0.126427,0.10835,800,false
0.05,0.75,1,250000,0.1518,0.183822,0.143725,0.0878094,0.193791,0,0.124331,0.114722,800,false
0.05,0.75,1,250000,0.156413,0.17333,0.159022,0.0837688,0.187214,0,0.127806,0.112447,800,false
0.35,0.75,1,500000,0.107491,0.212281,0.126167,0.0714266,0.218177,0,0.1398,0.124658,800,false
0.4,0.75,1,1000,0.0359047,0.253292,0.0503031,0.161075,0.0817469,0.149883,0.0624688,0.205327,800,false
0.4,0.75,1,10000,0,0.246095,0,0.247169,0,0.255141,0,0.251595,800,false
0.35,0.75,1,500000,0.0962797,0.215734,0.122237,0.0656812,0.221197,0,0.145944,0.132927,800,false
0.4,0.75,1,1000,0.0197375,0.25265,0.0248766,0.214287,0.0525625,0.182919,0.0359063,0.217061,800,false
0.4,0.75,1,10000,0,0.253252,0,0.243273,0,0.255948,0,0.247527,800,false
0.4,0.75,1,50000,0,0.246409,0,0.248905,0,0.255045,0,0.249641,800,false
0.4,0.75,1,50000,0,0.261191,0,0.248602,0,0.242792,0,0.247416,800,false
0.4,0.75,1,100000,0,0.257378,0,0.252667,0,0.244083,0,0.245872,800,false
0.4,0.75,1,100000,0,0.248267,0,0.243377,0,0.255409,0,0.252947,800,false
0.05,0.75,1,500000,0.156756,0.178537,0.146955,0.0854453,0.172288,0,0.137575,0.122444,800,false
0.1,0.75,1,1000,0.117534,0.190022,0.132378,0.105955,0.155323,0.047575,0.108484,0.142728,800,false
0.1,0.75,1,10000,0.134511,0.164205,0.159463,0.0869656,0.197189,0,0.142619,0.115048,800,false
0.05,0.75,1,500000,0.151061,0.185778,0.156156,0.0963766,0.167989,0,0.137753,0.104886,800,false
0.1,0.75,1,1000,0.121036,0.187488,0.137934,0.106222,0.150753,0.0443781,0.115653,0.136536,800,false
0.1,0.75,1,10000,0.147709,0.182373,0.156897,0.0867641,0.167359,0,0.149956,0.108941,800,false
0.1,0.75,1,50000,0.151339,0.179719,0.14452,0.0981203,0.178955,0,0.133622,0.113725,800,false
0.1,0.75,1,50000,0.146734,0.188002,0.13963,0.0841359,0.192256,0,0.127345,0.121897,800,false
0.4,0.75,1,250000,0,0.241925,0,0.251361,0,0.255589,0,0.251125,800,false
0.1,0.75,1,100000,0.1548,0.184808,0.153853,0.0855625,0.169462,0,0.129019,0.122495,800,false
0.4,0.75,1,250000,0,0.247884,0,0.254764,0,0.247539,0,0.249812,800,false
0.1,0.75,1,100000,0.141017,0.180786,0.149088,0.0905406,0.183683,0,0.143855,0.111031,800,false
0.1,0.75,1,250000,0.14762,0.175533,0.155608,0.0879656,0.195442,0,0.136366,0.101466,800,false
0.1,0.75,1,250000,0.144333,0.183219,0.148866,0.0862609,0.183419,0,0.147573,0.10633,800,false
0.4,0.75,1,500000,0,0.23595,0,0.248523,0,0.261058,0,0.254469,800,false
0.45,0.75,1,1000,0.00900469,0.249659,0.0079875,0.236456,0.0142969,0.238275,0.0166547,0.227666,800,false
0.45,0.75,1,10000,0,0.248262,0,0.253758,0,0.251545,0,0.246434,800,false
0.4,0.75,1,500000,0,0.252134,0,0.25315,0,0.249041,0,0.245675,800,false
0.45,0.75,1,1000,0.00329844,0.263877,0.00719219,0.23177,0.0173656,0.224534,0.0192094,0.232753,800,false
0.45,0.75,1,10000,0,0.243417,0,0.253331,0,0.256152,0,0.2471,800,false
0.45,0.75,1,50000,0,0.252434,0,0.246791,0,0.251569,0,0.249206,800,false
0.45,0.75,1,50000,0,0.252934,0,0.243062,0,0.248803,0,0.2552,800,false
0.45,0.75,1,100000,0,0.249798,0,0.255825,0,0.249966,0,0.244411,800,false
0.45,0.75,1,100000,0,0.252161,0,0.245894,0,0.251516,0,0.25043,800,false
0.1,0.75,1,500000,0.156198,0.177259,0.146059,0.0904719,0.171455,0,0.146341,0.112216,800,false
0.15,0.75,1,1000,0.11707,0.184653,0.131788,0.105481,0.161264,0.0293891,0.125034,0.14532,800,false
0.15,0.75,1,10000,0.138467,0.178542,0.141072,0.095525,0.181642,0,0.145239,0.119512,800,false
0.1,0.75,1,500000,0.15233,0.192095,0.146937,0.0866703,0.163275,0,0.146602,0.112091,800,false
0.15,0.75,1,1000,0.122095,0.187627,0.130933,0.10375,0.151473,0.0344547,0.12455,0.145117,800,false
0.15,0.75,1,10000,0.136892,0.191408,0.138069,0.07775,0.208245,0,0.148097,0.0995391,800,false
0.15,0.75,1,50000,0.143044,0.18127,0.143333,0.0930078,0.178431,0,0.148934,0.11198,800,false
0.15,0.75,1,50000,0.133947,0.186727,0.142414,0.0803328,0.193053,0,0.143678,0.119848,800,false
0.45,0.75,1,250000,0,0.248134,0,0.248627,0,0.250622,0,0.252617,800,false
0.15,0.75,1,100000,0.145111,0.187069,0.136752,0.0918891,0.18397,0,0.150209,0.105,800,false
0.15,0.75,1,100000,0.14327,0.181875,0.142902,0.0783922,0.182289,0,0.156014,0.115258,800,false
0.45,0.75,1,250000,0,0.250287,0,0.2443,0,0.258506,0,0.246906,800,false
0.15,0.75,1,250000,0.141838,0.19247,0.138902,0.0901344,0.167339,0,0.150392,0.118925,800,false
0.15,0.75,1,250000,0.14178,0.18778,0.136816,0.0847109,0.192492,0,0.142964,0.113458,800,false
0.45,0.75,1,500000,0,0.259464,0,0.251006,0,0.244369,0,0.245161,800,false
0.5,0.75,1,1000,0,0.259964,0,0.244303,0.00658594,0.244922,0.00661875,0.237606,800,false
0.5,0.75,1,10000,0,0.247863,0,0.257494,0,0.250027,0,0.244617,800,false
0.45,0.75,1,500000,0,0.252998,0,0.252097,0,0.248803,0,0.246102,800,false
0.5,0.75,1,1000,0.00144688,0.255822,0.00125312,0.242938,0.00808281,0.237977,0.00844531,0.244036,800,false
0.5,0.75,1,10000,0,0.242036,0,0.251842,0,0.255658,0,0.250464,800,false
0.5,0.75,1,50000,0,0.259866,0,0.246037,0,0.247589,0,0.246508,800,false
0.5,0.75,1,50000,0,0.248889,0,0.253339,0,0.244044,0,0.253728,800,false
0.5,0.75,1,100000,0,0.252052,0,0.245638,0,0.251911,0,0.2504,800,false
0.5,0.75,1,100000,0,0.251019,0,0.252808,0,0.251614,0,0.244559,800,false
0.15,0.75,1,500000,0.150987,0.182747,0.144088,0.0971172,0.179589,0,0.134734,0.110738,800,false
0.2,0.75,1,1000,0.113053,0.18973,0.128933,0.110178,0.167219,0.0383719,0.130405,0.122111,800,false
0.2,0.75,1,10000,0.131848,0.191647,0.142764,0.0875953,0.199369,0,0.137259,0.109517,800,false
0.15,0.75,1,500000,0.137058,0.181267,0.141884,0.0882719,0.191805,0,0.147041,0.112673,800,false
0.2,0.75,1,1000,0.105967,0.196222,0.121298,0.109914,0.155639,0.0378531,0.1332,0.139906,800,false
0.2,0.75,1,10000,0.142914,0.19517,0.138947,0.0883016,0.185331,0,0.141994,0.107342,800,false
0.2,0.75,1,50000,0.134747,0.18743,0.131309,0.0853813,0.209295,0,0.145563,0.106275,800,false
0.2,0.75,1,50000,0.130137,0.184811,0.13005,0.0867672,0.202902,0,0.149889,0.115444,800,false
0.2,0.75,1,100000,0.134552,0.189522,0.143106,0.0855156,0.193989,0,0.143173,0.110142,800,false
0.5,0.75,1,250000,0,0.242928,0,0.25243,0,0.254503,0,0.250139,800,false
0.2,0.75,1,100000,0.133811,0.197994,0.137441,0.0835219,0.196398,0,0.139672,0.111162,800,false
0.5,0.75,1,250000,0,0.256516,0,0.247155,0,0.245363,0,0.250967,800,false
0.2,0.75,1,250000,0.134992,0.17983,0.139033,0.0936844,0.200216,0,0.140975,0.11127,800,false
0.2,0.75,1,250000,0.134242,0.197564,0.128453,0.0974156,0.193239,0,0.134766,0.11432,800,false
0.5,0.75,1,500000,0,0.249345,0,0.251661,0,0.253652,0,0.245342,800,false
0.55,0.75,1,1000,0,0.245577,0,0.245677,0.000384375,0.260158,0.00118125,0.247023,800,false
0.55,0.75,1,10000,0,0.262844,0,0.248098,0,0.236809,0,0.252248,800,false
0.5,0.75,1,500000,0,0.250558,0,0.242489,0,0.252509,0,0.254444,800,false
0.55,0.75,1,1000,0,0.250877,0.000159375,0.24202,0.0010375,0.246119,0.00088125,0.258906,800,false
0.55,0.75,1,10000,0,0.250948,0,0.254887,0,0.247119,0,0.247045,800,false
0.55,0.75,1,50000,0,0.251639,0,0.252958,0,0.248083,0,0.24732,800,false
0.55,0.75,1,50000,0,0.251177,0,0.252245,0,0.246127,0,0.250452,800,false
0.55,0.75,1,100000,0,0.24625,0,0.251353,0,0.246236,0,0.256161,800,false
0.2,0.75,1,500000,0.132827,0.174692,0.145913,0.0853625,0.191369,0,0.159333,0.110505,800,false
0.25,0.75,1,1000,0.118673,0.189948,0.118739,0.0923516,0.175712,0.0249625,0.140583,0.13903,800,false
0.25,0.75,1,10000,0.124186,0.180652,0.134389,0.0887203,0.205781,0,0.15692,0.109352,800,false
0.55,0.75,1,100000,0,0.245448,0,0.255,0,0.248733,0,0.250819,800,false
0.2,0.75,1,500000,0.135645,0.186442,0.151192,0.0809141,0.184789,0,0.152787,0.10823,800,false
0.25,0.75,1,1000,0.105153,0.2047,0.112069,0.117402,0.148656,0.0443641,0.12502,0.142636,800,false
0.25,0.75,1,10000,0.116853,0.19592,0.141187,0.0741109,0.203091,0,0.159277,0.109561,800,false
0.25,0.75,1,50000,0.119645,0.196198,0.1381,0.0836812,0.219867,0,0.143905,0.0986031,800,false
0.25,0.75,1,50000,0.12388,0.190052,0.131461,0.0856094,0.196561,0,0.151775,0.120663,800,false
0.25,0.75,1,100000,0.128541,0.201856,0.127331,0.0806453,0.194831,0,0.153178,0.113617,800,false
0.25,0.75,1,100000,0.121922,0.204973,0.124734,0.0843062,0.201055,0,0.151895,0.111114,800,false
0.55,0.75,1,250000,0,0.250703,0,0.251661,0,0.250778,0,0.246858,800,false
0.55,0.75,1,250000,0,0.249953,0,0.253948,0,0.243863,0,0.252236,800,false
0.25,0.75,1,250000,0.128812,0.193091,0.12992,0.0822969,0.204134,0,0.145191,0.116555,800,false
0.25,0.75,1,250000,0.127183,0.210391,0.127292,0.0836703,0.194328,0,0.147861,0.109275,800,false
0.55,0.75,1,500000,0,0.243428,0,0.243766,0,0.257847,0,0.254959,800,false
0.6,0.75,1,1000,0,0.24157,0.00019375,0.248183,0.0006,0.254839,0.000834375,0.25378,800,false
0.6,0.75,1,10000,0,0.250836,0,0.246839,0,0.252603,0,0.249722,800,false
0.55,0.75,1,500000,0,0.247323,0,0.258677,0,0.252436,0,0.241564,800,false
0.6,0.75,1,1000,0,0.249497,0,0.24762,1.875e-05,0.256009,9.53125e-05,0.246759,800,false
0.6,0.75,1,10000,0,0.246311,0,0.256895,0,0.250475,0,0.246319,800,false
0.6,0.75,1,50000,0,0.249539,0,0.247792,0,0.247206,0,0.255462,800,false
0.6,0.75,1,50000,0,0.257773,0,0.249258,0,0.248425,0,0.244544,800,false
0.6,0.75,1,100000,0,0.247931,0,0.248823,0,0.248509,0,0.254736,800,false
0.25,0.75,1,500000,0.127642,0.198534,0.13457,0.0763094,0.20995,0,0.131963,0.121031,800,false
0.3,0.75,1,1000,0.10095,0.214375,0.11782,0.0979844,0.167516,0.0370938,0.122236,0.142025,800,false
0.3,0.75,1,10000,0.121912,0.194195,0.123984,0.0811937,0.212191,0,0.144961,0.121563,800,false
0.25,0.75,1,500000,0.126388,0.197862,0.12822,0.0859469,0.190928,0,0.1512,0.119455,800,false
0.3,0.75,1,1000,0.0936844,0.207547,0.103511,0.115453,0.159127,0.0568828,0.117144,0.146652,800,false
0.6,0.75,1,100000,0,0.255984,0,0.241547,0,0.250303,0,0.252166,800,false
0.3,0.75,1,10000,0.124208,0.195847,0.121991,0.0811063,0.212606,0,0.142331,0.121911,800,false
0.3,0.75,1,50000,0.120784,0.196106,0.138883,0.0753328,0.198639,0,0.149594,0.120661,800,false
0.3,0.75,1,50000,0.116825,0.20542,0.123425,0.0825609,0.219284,0,0.1414,0.111084,800,false
0.3,0.75,1,100000,0.116397,0.201275,0.131933,0.0828719,0.186939,0,0.154517,0.126067,800,false
0.3,0.75,1,100000,0.109778,0.210292,0.126567,0.0756016,0.222302,0,0.140209,0.11525,800,false
0.6,0.75,1,250000,0,0.249188,0,0.249928,0,0.25588,0,0.245005,800,false
0.6,0.75,1,250000,0,0.265755,0,0.249512,0,0.239302,0,0.245431,800,false
0.3,0.75,1,250000,0.114564,0.213956,0.129788,0.0771828,0.184681,0,0.163677,0.116152,800,false
0.3,0.75,1,250000,0.122006,0.202406,0.130719,0.0825953,0.212044,0,0.140986,0.109244,800,false
0.6,0.75,1,500000,0,0.255956,0,0.253128,0,0.247655,0,0.243261,800,false
0.65,0.75,1,1000,0,0.250195,2.1875e-05,0.245733,5.3125e-05,0.246492,0,0.257505,800,false
0.65,0.75,1,10000,0,0.244186,0,0.252681,0,0.249191,0,0.253942,800,false
0.6,0.75,1,500000,0,0.250309,0,0.25557,0,0.248806,0,0.245314,800,false
0.65,0.75,1,1000,0,0.251402,0,0.242445,0,0.253902,0,0.252252,800,false
0.65,0.75,1,10000,0,0.250045,0,0.256289,0,0.246195,0,0.24747,800,false
0.65,0.75,1,50000,0,0.247906,0,0.243022,0,0.256908,0,0.252164,800,false
0.3,0.75,1,500000,0.116028,0.205133,0.130616,0.0776641,0.206275,0,0.144036,0.120248,800,false
0.35,0.75,1,1000,0.0744359,0.245841,0.0871719,0.126705,0.137542,0.0642891,0.110295,0.15372,800,false
0.65,0.75,1,50000,0,0.251972,0,0.243809,0,0.249717,0,0.254502,800,false
0.35,0.75,1,10000,0.0905609,0.225527,0.0949953,0.102373,0.168536,0.0394188,0.137689,0.1409,800,false
0.65,0.75,1,100000,0,0.251931,0,0.247553,0,0.249155,0,0.251361,800,false
0.3,0.75,1,500000,0.116055,0.191516,0.121423,0.0899734,0.208905,0,0.147533,0.124595,800,false
0.35,0.75,1,1000,0.0627484,0.222147,0.0714094,0.14248,0.114317,0.106242,0.101761,0.178895,800,false
0.35,0.75,1,10000,0.0471703,0.230461,0.05725,0.158223,0.0934047,0.141155,0.0726703,0.199666,800,false
0.35,0.75,1,50000,0.0946953,0.226689,0.104733,0.0704641,0.232495,0,0.149448,0.121475,800,false
0.65,0.75,1,100000,0,0.250198,0,0.246398,0,0.246688,0,0.256716,800,false
0.35,0.75,1,50000,0,0.245955,0,0.251994,0,0.250739,0,0.251312,800,false
0.35,0.75,1,100000,0.105145,0.213462,0.113259,0.0812313,0.227867,0,0.143195,0.115839,800,false
0.35,0.75,1,100000,0,0.247772,0,0.246953,0,0.253391,0,0.251884,800,false
0.65,0.75,1,250000,0,0.250991,0,0.254672,0,0.243786,0,0.250552,800,false
0.65,0.75,1,250000,0,0.250102,0,0.256602,0,0.243869,0,0.249428,800,false
0.35,0.75,1,250000,0.105364,0.217911,0.117461,0.0809781,0.210608,0,0.153213,0.114466,800,false
0.35,0.75,1,250000,0,0.251113,0,0.243764,0,0.254444,0,0.25068,800,false
0.65,0.75,1,500000,0,0.24737,0,0.244277,0,0.253048,0,0.255305,800,false
0.7,0.75,1,1000,0,0.249047,0,0.245742,0,0.247872,0,0.257339,800,false
0.7,0.75,1,10000,0,0.250025,0,0.252266,0,0.253134,0,0.244575,800,false
0.65,0.75,1,500000,0,0.243413,0,0.256083,0,0.251,0,0.249505,800,false
0.7,0.75,1,1000,0,0.250909,0,0.240361,0,0.251347,0,0.257383,800,false
0.7,0.75,1,10000,0,0.240566,0,0.249606,0,0.25455,0,0.255278,800,false
0.7,0.75,1,50000,0,0.263047,0,0.246319,0,0.244783,0,0.245852,800,false
0.35,0.75,1,500000,0.101344,0.218484,0.12008,0.078375,0.209423,0,0.162091,0.110203,800,false
0.4,0.75,1,1000,0.0332469,0.246592,0.0475672,0.174281,0.0888344,0.147161,0.0733172,0.189,800,false
0.4,0.75,1,10000,0,0.248258,0,0.24822,0,0.251216,0,0.252306,800,false
0.7,0.75,1,50000,0,0.25022,0,0.249097,0,0.253864,0,0.246819,800,false
0.35,0.75,1,500000,0,0.247466,0,0.247002,0,0.257145,0,0.248388,800,false
0.4,0.75,1,1000,0.04405,0.244159,0.0567547,0.166981,0.117859,0.123414,0.0681734,0.178608,800,false
0.7,0.75,1,100000,0,0.246658,0,0.255236,0,0.246464,0,0.251642,800,false
0.4,0.75,1,10000,0,0.260681,0,0.249417,0,0.241614,0,0.248287,800,false
0.4,0.75,1,50000,0,0.25438,0,0.246045,0,0.250759,0,0.248816,800,false
0.7,0.75,1,100000,0,0.256731,0,0.244636,0,0.250827,0,0.247806,800,false
0.4,0.75,1,50000,0,0.244202,0,0.25067,0,0.249505,0,0.255623,800,false
0.4,0.75,1,100000,0,0.249792,0,0.251447,0,0.253967,0,0.244794,800,false
0.4,0.75,1,100000,0,0.248956,0,0.254869,0,0.245023,0,0.251152,800,false
0.7,0.75,1,250000,0,0.250377,0,0.240847,0,0.253105,0,0.255672,800,false
0.7,0.75,1,250000,0,0.257392,0,0.246405,0,0.254592,0,0.241611,800,false
0.4,0.75,1,250000,0,0.249888,0,0.253681,0,0.244422,0,0.252009,800,false
0.4,0.75,1,250000,0,0.235538,0,0.247617,0,0.252064,0,0.264781,800,false
0.7,0.75,1,500000,0,0.249717,0,0.253784,0,0.238984,0,0.257514,800,false
0.75,0.75,1,1000,0,0.250625,0,0.247237,0,0.250925,0,0.251213,800,false
0.75,0.75,1,10000,0,0.254883,0,0.248819,0,0.246616,0,0.249683,800,false
0.7,0.75,1,500000,0,0.253361,0,0.248455,0,0.245511,0,0.252673,800,false
0.75,0.75,1,1000,0,0.256163,0,0.249498,0,0.239445,0,0.254894,800,false
0.4,0.75,1,500000,0,0.249642,0,0.255512,0,0.249158,0,0.245688,800,false
0,0.75,1,10000,0.00228437,0.392617,0.00596562,0.220573,0.0607266,0.0840844,0.0216313,0.212117,800,true
0,0.75,1,50000,0.00228437,0.392617,0.00596562,0.220573,0.0607266,0.0840844,0.0216313,0.212117,800,true
0,0.75,1,100000,0.00228437,0.392617,0.00596562,0.220573,0.0607266,0.0840844,0.0216313,0.212117,800,true
0,0.75,1,250000,0.00228437,0.392617,0.00596562,0.220573,0.0607266,0.0840844,0.0216313,0.212117,800,true
0,0.75,1,500000,0.00228437,0.392617,0.00596562,0.220573,0.0607266,0.0840844,0.0216313,0.212117,800,true
0.75,0.75,1,10000,0,0.244956,0,0.255144,0,0.250548,0,0.249352,800,false
0.05,0.75,1,1000,0.0925563,0.192834,0.0947406,0.149938,0.111339,0.0917562,0.0858953,0.180941,800,false
0.75,0.75,1,50000,0,0.253648,0,0.25043,0,0.250955,0,0.244967,800,false
0.05,0.75,1,10000,0.147338,0.184797,0.15102,0.0943141,0.180036,0.0026625,0.127702,0.112131,800,false
0.4,0.75,1,500000,0,0.247834,0,0.249008,0,0.251666,0,0.251492,800,false
0,0.75,1,10000,0.00231875,0.389572,0.00577969,0.226137,0.0603672,0.0861781,0.0217109,0.207936,800,true
0,0.75,1,50000,0.00231875,0.389572,0.00577969,0.226137,0.0603672,0.0861781,0.0217109,0.207936,800,true
0,0.75,1,100000,0.00231875,0.389572,0.00577969,0.226137,0.0603672,0.0861781,0.0217109,0.207936,800,true
0,0.75,1,250000,0.00231875,0.389572,0.00577969,0.226137,0.0603672,0.0861781,0.0217109,0.207936,800,true
0,0.75,1,500000,0.00231875,0.389572,0.00577969,0.226137,0.0603672,0.0861781,0.0217109,0.207936,800,true
0.05,0.75,1,1000,0.0908797,0.198044,0.0974297,0.140728,0.111681,0.0993141,0.0867047,0.175219,800,false
0.05,0.75,1,10000,0.139791,0.182688,0.147691,0.0934406,0.164641,0.0112359,0.133455,0.127059,800,false
0.75,0.75,1,50000,0,0.260247,0,0.244916,0,0.241605,0,0.253233,800,false
0.05,0.75,1,50000,0.161206,0.174333,0.155181,0.0853,0.184005,0,0.127928,0.112047,800,false
0.75,0.75,1,100000,0,0.247438,0,0.25482,0,0.2544,0,0.243342,800,false
0.75,0.75,1,100000,0,0.252261,0,0.24545,0,0.244686,0,0.257603,800,false
0.75,0.75,1,250000,0,0.254406,0,0.252327,0,0.245095,0,0.248172,800,false
0.75,0.75,1,250000,0,0.241806,0,0.260848,0,0.244444,0,0.252902,800,false
0.75,0.75,1,500000,0,0.25027,0,0.24863,0,0.256739,0,0.244361,800,false
0.8,0.75,1,1000,0,0.25042,0,0.252248,0,0.248831,0,0.2485,800,false
0.8,0.75,1,10000,0,0.248847,0,0.247539,0,0.251845,0,0.251769,800,false
0.75,0.75,1,500000,0,0.257253,0,0.242702,0,0.2518,0,0.248245,800,false
0.8,0.75,1,1000,0,0.25973,0,0.243392,0,0.248778,0,0.2481,800,false
0.8,0.75,1,10000,0,0.251437,0,0.2457,0,0.256502,0,0.246361,800,false
0.8,0.75,1,50000,0,0.245402,0,0.25325,0,0.248156,0,0.253192,800,false
0.8,0.75,1,50000,0,0.249369,0,0.251759,0,0.251898,0,0.246973,800,false
0.8,0.75,1,100000,0,0.246683,0,0.246136,0,0.253533,0,0.253648,800,false
0.8,0.75,1,100000,0,0.251356,0,0.247523,0,0.24683,0,0.254291,800,false
0.8,0.75,1,250000,0,0.249225,0,0.24943,0,0.253177,0,0.248169,800,false
0.8,0.75,1,250000,0,0.242688,0,0.247014,0,0.256767,0,0.253531,800,false
0.8,0.75,1,500000,0,0.246411,0,0.250486,0,0.255169,0,0.247934,800,false
0.85,0.75,1,1000,0,0.254287,0,0.253709,0,0.248714,0,0.243289,800,false
0.85,0.75,1,10000,0,0.253661,0,0.246042,0,0.249555,0,0.250742,800,false
0.8,0.75,1,500000,0,0.249463,0,0.259213,0,0.24602,0,0.245305,800,false
0.85,0.75,1,1000,0,0.250375,0,0.246812,0,0.251372,0,0.251441,800,false
0.85,0.75,1,10000,0,0.248305,0,0.242892,0,0.257694,0,0.251109,800,false
0.85,0.75,1,50000,0,0.250667,0,0.257798,0,0.247497,0,0.244037,800,false
0.85,0.75,1,50000,0,0.259447,0,0.251141,0,0.247016,0,0.242397,800,false
0.85,0.75,1,100000,0,0.2513,0,0.256711,0,0.24127,0,0.250719,800,false
0.85,0.75,1,100000,0,0.248697,0,0.250188,0,0.256881,0,0.244234,800,false
0.85,0.75,1,250000,0,0.248652,0,0.253192,0,0.245384,0,0.252772,800,false
0.85,0.75,1,250000,0,0.252611,0,0.255812,0,0.247075,0,0.244502,800,false
0.85,0.75,1,500000,0,0.253336,0,0.250113,0,0.248775,0,0.247777,800,false
0.9,0.75,1,1000,0,0.247317,0,0.250952,0,0.255373,0,0.246358,800,false
0.9,0.75,1,10000,0,0.248581,0,0.251619,0,0.244952,0,0.254848,800,false
0.85,0.75,1,500000,0,0.256037,0,0.25023,0,0.247741,0,0.245992,800,false
0.9,0.75,1,1000,0,0.24825,0,0.25095,0,0.25352,0,0.24728,800,false
0.9,0.75,1,10000,0,0.250414,0,0.252861,0,0.246561,0,0.250164,800,false
0.9,0.75,1,50000,0,0.241795,0,0.254778,0,0.247512,0,0.255914,800,false
0.9,0.75,1,50000,0,0.242591,0,0.247889,0,0.2539,0,0.25562,800,false
0.9,0.75,1,100000,0,0.250392,0,0.253437,0,0.251186,0,0.244984,800,false
0.9,0.75,1,100000,0,0.244267,0,0.247131,0,0.255342,0,0.253259,800,false
0.9,0.75,1,250000,0,0.246762,0,0.247306,0,0.252828,0,0.253103,800,false
0.9,0.75,1,250000,0,0.241436,0,0.252978,0,0.250616,0,0.25497,800,false
0.9,0.75,1,500000,0,0.252652,0,0.246531,0,0.25445,0,0.246367,800,false
0.95,0.75,1,1000,0,0.243781,0,0.256986,0,0.255734,0,0.243498,800,false
0.95,0.75,1,10000,0,0.254173,0,0.251489,0,0.248072,0,0.246266,800,false
0.9,0.75,1,500000,0,0.252633,0,0.247402,0,0.253302,0,0.246664,800,false
0.95,0.75,1,1000,0,0.250484,0,0.247711,0,0.247284,0,0.25452,800,false
0.95,0.75,1,10000,0,0.249567,0,0.252377,0,0.247431,0,0.250625,800,false
0.95,0.75,1,50000,0,0.261003,0,0.245188,0,0.246114,0,0.247695,800,false
0.95,0.75,1,50000,0,0.256622,0,0.254497,0,0.245323,0,0.243558,800,false
0.95,0.75,1,100000,0,0.247583,0,0.253505,0,0.25105,0,0.247863,800,false
0.95,0.75,1,100000,0,0.253447,0,0.248539,0,0.247981,0,0.250033,800,false
0.95,0.75,1,250000,0,0.246806,0,0.253631,0,0.251428,0,0.248134,800,false
0.95,0.75,1,250000,0,0.250266,0,0.253767,0,0.254567,0,0.2414,800,false
0.95,0.75,1,500000,0,0.244705,0,0.261894,0,0.249384,0,0.244017,800,false
1,0.75,1,1000,0,0.248369,0,0.252186,0,0.25045,0,0.248995,800,false
1,0.75,1,10000,0,0.252145,0,0.247556,0,0.249208,0,0.251091,800,false
0.95,0.75,1,500000,0,0.238805,0,0.249498,0,0.257412,0,0.254284,800,false
1,0.75,1,1000,0,0.255386,0,0.24257,0,0.24647,0,0.255573,800,false
1,0.75,1,10000,0,0.247438,0,0.247517,0,0.252323,0,0.252722,800,false
1,0.75,1,50000,0,0.251878,0,0.260119,0,0.243008,0,0.244995,800,false
1,0.75,1,50000,0,0.248144,0,0.259727,0,0.247131,0,0.244998,800,false
1,0.75,1,100000,0,0.254461,0,0.251837,0,0.245666,0,0.248036,800,false
1,0.75,1,100000,0,0.248064,0,0.236878,0,0.251181,0,0.263877,800,false
1,0.75,1,250000,0,0.256367,0,0.24382,0,0.250555,0,0.249258,800,false
1,0.75,1,250000,0,0.250652,0,0.256575,0,0.248048,0,0.244725,800,false
1,0.75,1,500000,0,0.251733,0,0.250736,0,0.249397,0,0.248134,800,false
0,0.75,1,10000,0.00246562,0.388541,0.00620156,0.227578,0.0628281,0.0826375,0.0218672,0.207881,800,true
0,0.75,1,50000,0.00246562,0.388541,0.00620156,0.227578,0.0628281,0.0826375,0.0218672,0.207881,800,true
0,0.75,1,100000,0.00246562,0.388541,0.00620156,0.227578,0.0628281,0.0826375,0.0218672,0.207881,800,true
0,0.75,1,250000,0.00246562,0.388541,0.00620156,0.227578,0.0628281,0.0826375,0.0218672,0.207881,800,true
0,0.75,1,500000,0.00246562,0.388541,0.00620156,0.227578,0.0628281,0.0826375,0.0218672,0.207881,800,true
0.05,0.75,1,1000,0.0867547,0.190728,0.111633,0.135964,0.108255,0.0966844,0.0884438,0.181537,800,false
0.05,0.75,1,10000,0.149536,0.17565,0.149978,0.0894406,0.181159,0.00414375,0.138586,0.111506,800,false
1,0.75,1,500000,0,0.246297,0,0.253498,0,0.249419,0,0.250786,800,false
0,0.75,1,1000,0.00241875,0.385973,0.00578594,0.232508,0.0590672,0.0824297,0.0212625,0.210555,800,false
0,0.75,1,10000,0.00241875,0.385973,0.00578594,0.232508,0.0590672,0.0824297,0.0212625,0.210555,800,true
0,0.75,1,50000,0.00241875,0.385973,0.00578594,0.232508,0.0590672,0.0824297,0.0212625,0.210555,800,true
0,0.75,1,100000,0.00241875,0.385973,0.00578594,0.232508,0.0590672,0.0824297,0.0212625,0.210555,800,true
0,0.75,1,250000,0.00241875,0.385973,0.00578594,0.232508,0.0590672,0.0824297,0.0212625,0.210555,800,true
0,0.75,1,500000,0.00241875,0.385973,0.00578594,0.232508,0.0590672,0.0824297,0.0212625,0.210555,800,true
0.05,0.75,1,1000,0.0918125,0.205409,0.108331,0.150502,0.100286,0.0897938,0.0777531,0.176113,800,false
0.05,0.75,1,10000,0.148597,0.182684,0.150023,0.0878266,0.186473,0.00492813,0.136563,0.102905,800,false
0.05,0.75,1,50000,0.153062,0.176272,0.150961,0.0906453,0.191056,0,0.125791,0.112213,800,false
0.05,0.75,1,50000,0.155784,0.179277,0.150555,0.0827406,0.175764,0,0.140544,0.115336,800,false
0.05,0.75,1,100000,0.149141,0.169952,0.141277,0.0919125,0.188656,0,0.148303,0.110759,800,false
0.05,0.75,1,100000,0.15133,0.177638,0.155802,0.0867766,0.175564,0,0.131087,0.121803,800,false
0.05,0.75,1,250000,0.156689,0.172977,0.155583,0.0976453,0.168852,0,0.136303,0.111952,800,false
0.05,0.75,1,250000,0.149509,0.185089,0.146606,0.0849734,0.186417,0,0.135555,0.11185,800,false
0.05,0.75,1,500000,0.149008,0.172108,0.162455,0.0943031,0.172219,0,0.125489,0.124419,800,false
0.1,0.75,1,1000,0.114327,0.187109,0.122067,0.110091,0.150352,0.05185,0.114236,0.149969,800,false
0.1,0.75,1,10000,0.144003,0.179114,0.137142,0.0995859,0.179728,0,0.142645,0.117781,800,false
0.05,0.75,1,500000,0.148081,0.169078,0.148281,0.0914266,0.184469,0,0.141706,0.116958,800,false
0.1,0.75,1,1000,0.122936,0.189334,0.126438,0.112925,0.143066,0.0474703,0.112752,0.14508,800,false
0.1,0.75,1,10000,0.145509,0.183655,0.156245,0.0767844,0.181752,0,0.145734,0.11032,800,false
0.1,0.75,1,50000,0.14823,0.184533,0.149575,0.0983969,0.176886,0,0.129273,0.113106,800,false
0.1,0.75,1,50000,0.138802,0.180856,0.149445,0.0916203,0.168961,0,0.150419,0.119897,800,false
0.1,0.75,1,100000,0.157594,0.18905,0.140808,0.0953516,0.194217,0,0.122761,0.100219,800,false
0.1,0.75,1,100000,0.152114,0.181795,0.153303,0.0874719,0.160747,0,0.150544,0.114025,800,false
0.1,0.75,1,250000,0.148733,0.17647,0.145806,0.0876234,0.183917,0,0.148252,0.109198,800,false
0.1,0.75,1,250000,0.145852,0.183878,0.151931,0.0862437,0.187995,0,0.134945,0.109155,800,false
0.1,0.75,1,500000,0.145822,0.174477,0.143831,0.08705,0.200452,0,0.142744,0.105625,800,false
0.15,0.75,1,1000,0.122397,0.189033,0.127017,0.0938563,0.161605,0.0372531,0.114445,0.154394,800,false
0.15,0.75,1,10000,0.142958,0.189734,0.143134,0.0803625,0.187353,0,0.143175,0.113283,800,false
0.1,0.75,1,500000,0.139648,0.178491,0.140577,0.0926531,0.196422,0,0.143077,0.109133,800,false
0.15,0.75,1,1000,0.123983,0.191606,0.133752,0.108797,0.148453,0.0292359,0.128784,0.135389,800,false
0.15,0.75,1,10000,0.130062,0.1897,0.13778,0.0868453,0.194725,0,0.153061,0.107827,800,false
0.15,0.75,1,50000,0.139614,0.194444,0.137383,0.0851672,0.194236,0,0.143252,0.105905,800,false
0.15,0.75,1,50000,0.133477,0.184452,0.144536,0.0920766,0.193009,0,0.1389,0.11355,800,false
0.15,0.75,1,100000,0.142044,0.185775,0.143705,0.0952438,0.178742,0,0.142934,0.111556,800,false
0.15,0.75,1,100000,0.152206,0.191831,0.140294,0.0858484,0.18068,0,0.137892,0.111248,800,false
0.15,0.75,1,250000,0.13952,0.181648,0.148267,0.0882266,0.190697,0,0.136556,0.115084,800,false
0.15,0.75,1,250000,0.142,0.188503,0.145944,0.0883906,0.184653,0,0.138125,0.112384,800,false
0.15,0.75,1,500000,0.139017,0.185155,0.138753,0.0914625,0.194139,0,0.138414,0.113059,800,false
0.2,0.75,1,1000,0.111403,0.183812,0.127477,0.104552,0.159781,0.0302141,0.138827,0.143934,800,false
0.2,0.75,1,10000,0.132917,0.19135,0.132258,0.0873594,0.196789,0,0.140906,0.11842,800,false
0.15,0.75,1,500000,0.143095,0.184186,0.143194,0.0980281,0.184925,0,0.136252,0.11032,800,false
0.2,0.75,1,1000,0.112837,0.198103,0.123614,0.115392,0.165078,0.0213266,0.126972,0.136677,800,false
0.2,0.75,1,10000,0.135778,0.186398,0.144805,0.0848437,0.183192,0,0.149442,0.115541,800,false
0.2,0.75,1,50000,0.116692,0.188161,0.136578,0.0904656,0.209928,0,0.150808,0.107367,800,false
0.2,0.75,1,50000,0.129177,0.186189,0.133655,0.0781687,0.191458,0,0.161862,0.119491,800,false
0.2,0.75,1,100000,0.124208,0.1945,0.134488,0.0764734,0.197259,0,0.145825,0.127247,800,false
0.2,0.75,1,100000,0.131884,0.188384,0.132041,0.0899234,0.201084,0,0.142244,0.114439,800,false
0.2,0.75,1,250000,0.140825,0.189625,0.132153,0.0891578,0.187247,0,0.148269,0.112723,800,false
0.2,0.75,1,250000,0.138009,0.19117,0.133408,0.0985953,0.186894,0,0.146978,0.104945,800,false
0.2,0.75,1,500000,0.136273,0.186386,0.145955,0.0932438,0.179805,0,0.144536,0.113802,800,false
0.25,0.75,1,1000,0.105581,0.198484,0.123398,0.0967531,0.178761,0.0299281,0.130112,0.136981,800,false
0.25,0.75,1,10000,0.131361,0.195611,0.132064,0.0787047,0.20515,0,0.157286,0.0998234,800,false
0.2,0.75,1,500000,0.131909,0.200177,0.1395,0.0815453,0.188259,0,0.148209,0.1104,800,false
0.25,0.75,1,1000,0.111573,0.191898,0.118917,0.0991297,0.172248,0.0338734,0.119792,0.152567,800,false
0.25,0.75,1,10000,0.125748,0.209548,0.135769,0.0812047,0.195344,0,0.143472,0.108914,800,false
0.25,0.75,1,50000,0.124053,0.185827,0.142141,0.0686016,0.205902,0,0.160692,0.112784,800,false
0.25,0.75,1,50000,0.125828,0.196209,0.143375,0.0897063,0.192181,0,0.145322,0.107378,800,false
0.25,0.75,1,100000,0.129808,0.200689,0.126002,0.0957234,0.193225,0,0.146166,0.108387,800,false
0.25,0.75,1,100000,0.122527,0.205942,0.120281,0.0918188,0.217486,0,0.129058,0.112888,800,false
0.25,0.75,1,250000,0.123672,0.207273,0.126395,0.0915469,0.194875,0,0.13873,0.117508,800,false
0.25,0.75,1,250000,0.1303,0.187556,0.13292,0.0926203,0.201345,0,0.142172,0.113086,800,false
0.25,0.75,1,500000,0.129444,0.191678,0.136553,0.0881641,0.203027,0,0.142123,0.109011,800,false
0.3,0.75,1,1000,0.0903,0.21435,0.105659,0.10638,0.157997,0.05,0.122225,0.153089,800,false
0.3,0.75,1,10000,0.117561,0.204869,0.135381,0.0817703,0.207102,0,0.138819,0.114498,800,false
0.25,0.75,1,500000,0.121194,0.18812,0.138758,0.0824891,0.192589,0,0.157666,0.119184,800,false
0.3,0.75,1,1000,0.0933734,0.221297,0.105436,0.116581,0.165725,0.0441547,0.113048,0.140384,800,false
0.3,0.75,1,10000,0.111283,0.204427,0.123183,0.0802141,0.207917,0,0.140927,0.13205,800,false
0.3,0.75,1,50000,0.105919,0.21555,0.118719,0.0708016,0.215952,0,0.151019,0.122041,800,false
0.3,0.75,1,50000,0.119942,0.212417,0.11508,0.0775562,0.2074,0,0.15165,0.115955,800,false
0.3,0.75,1,100000,0.122117,0.192731,0.126722,0.0758266,0.225316,0,0.146348,0.110939,800,false
0.3,0.75,1,100000,0.114369,0.215173,0.128403,0.0684234,0.217034,0,0.150509,0.106088,800,false
0.3,0.75,1,250000,0.110736,0.19667,0.129503,0.0852563,0.201939,0,0.158433,0.117462,800,false
0.3,0.75,1,250000,0.110748,0.203759,0.122623,0.0733859,0.200937,0,0.160095,0.12845,800,false
0.3,0.75,1,500000,0.116884,0.205191,0.126889,0.0901422,0.193578,0,0.148533,0.118783,800,false
0.35,0.75,1,1000,0.0673078,0.230813,0.0843938,0.144652,0.131142,0.0779813,0.0898703,0.173841,800,false
0.35,0.75,1,10000,0.0820891,0.232631,0.0970156,0.10197,0.193763,0.0317031,0.130134,0.130694,800,false
0.3,0.75,1,500000,0.10067,0.22303,0.112867,0.0852047,0.218537,0,0.145964,0.113727,800,false
0.35,0.75,1,1000,0.0689531,0.248202,0.0742031,0.120955,0.143178,0.0747797,0.102969,0.166761,800,false
0.35,0.75,1,10000,0.0962109,0.22123,0.110506,0.08235,0.193195,0.0144469,0.151214,0.130847,800,false
0.35,0.75,1,50000,0.0981859,0.219902,0.122639,0.0730484,0.217556,0,0.149028,0.119641,800,false
0.35,0.75,1,50000,0.10455,0.219877,0.115875,0.0784813,0.204878,0,0.162514,0.113825,800,false
0.35,0.75,1,100000,0.100331,0.204377,0.123108,0.0776281,0.214702,0,0.163803,0.116052,800,false
0.35,0.75,1,100000,0.0897625,0.218952,0.111888,0.083575,0.222503,0,0.145631,0.127689,800,false
0.35,0.75,1,250000,0.0985875,0.222287,0.109967,0.0784938,0.206948,0,0.154372,0.129344,800,false
0.35,0.75,1,250000,0.106177,0.20905,0.136233,0.0666625,0.219564,0,0.160466,0.101848,800,false
0.35,0.75,1,500000,0.101513,0.214027,0.108994,0.0699234,0.226933,0,0.15578,0.122831,800,false
0.4,0.75,1,1000,0.0217906,0.245939,0.0318203,0.200898,0.0667906,0.167783,0.0506828,0.214295,800,false
0.4,0.75,1,10000,0,0.260433,0,0.245458,0,0.250972,0,0.243138,800,false
0.35,0.75,1,500000,0.105858,0.205133,0.128919,0.0750297,0.197891,0,0.16513,0.122041,800,false
0.4,0.75,1,1000,0.0327516,0.233802,0.057175,0.170808,0.0880656,0.143908,0.0625562,0.210934,800,false
0.4,0.75,1,10000,0,0.249144,0,0.250256,0,0.252614,0,0.247986,800,false
0.4,0.75,1,50000,0,0.249425,0,0.251408,0,0.244731,0,0.254436,800,false
0.4,0.75,1,50000,0,0.246317,0,0.249981,0,0.24747,0,0.256231,800,false
0.4,0.75,1,100000,0,0.254939,0,0.252156,0,0.24795,0,0.244955,800,false
0.4,0.75,1,100000,0,0.250312,0,0.254441,0,0.24578,0,0.249467,800,false
0.4,0.75,1,250000,0,0.250117,0,0.254986,0,0.249081,0,0.245816,800,false
0.4,0.75,1,250000,0,0.250566,0,0.249273,0,0.249555,0,0.250606,800,false
0.4,0.75,1,500000,0,0.248505,0,0.246767,0,0.246461,0,0.258267,800,false
0.45,0.75,1,1000,0.00989531,0.264172,0.0151687,0.223361,0.0347047,0.198323,0.0282813,0.226094,800,false
0.45,0.75,1,10000,0,0.251194,0,0.252748,0,0.251059,0,0.244998,800,false
0.4,0.75,1,500000,0,0.255178,0,0.245287,0,0.24687,0,0.252664,800,false
0.45,0.75,1,1000,0.0114031,0.251783,0.0122172,0.235725,0.0234047,0.213986,0.0179625,0.233519,800,false
0.45,0.75,1,10000,0,0.247086,0,0.252422,0,0.25235,0,0.248142,800,false
0.45,0.75,1,50000,0,0.251591,0,0.244269,0,0.24673,0,0.257411,800,false
0.45,0.75,1,50000,0,0.247989,0,0.255056,0,0.248386,0,0.248569,800,false
0.45,0.75,1,100000,0,0.242987,0,0.252933,0,0.250911,0,0.253169,800,false
0.45,0.75,1,100000,0,0.252658,0,0.247584,0,0.247317,0,0.252441,800,false
0.45,0.75,1,250000,0,0.250147,0,0.247006,0,0.245781,0,0.257066,800,false
0.45,0.75,1,250000,0,0.251491,0,0.255406,0,0.24387,0,0.249233,800,false
0.45,0.75,1,500000,0,0.245145,0,0.252894,0,0.252575,0,0.249386,800,false
0.5,0.75,1,1000,0.00267812,0.252275,0.000296875,0.245508,0.00494687,0.240663,0.00510469,0.248528,800,false
0.5,0.75,1,10000,0,0.248942,0,0.247508,0,0.253481,0,0.250069,800,false
0.45,0.75,1,500000,0,0.251516,0,0.245414,0,0.249862,0,0.253208,800,false
0.5,0.75,1,1000,0,0.250541,0,0.24342,0.00379531,0.238903,0.00414219,0.259198,800,false
0.5,0.75,1,10000,0,0.250556,0,0.24423,0,0.246033,0,0.259181,800,false
0.5,0.75,1,50000,0,0.245706,0,0.238877,0,0.258648,0,0.256769,800,false
0.5,0.75,1,50000,0,0.246269,0,0.247739,0,0.260742,0,0.24525,800,false
0.5,0.75,1,100000,0,0.246114,0,0.250266,0,0.262178,0,0.241442,800,false
0.5,0.75,1,100000,0,0.246155,0,0.25745,0,0.246127,0,0.250269,800,false
0.5,0.75,1,250000,0,0.252794,0,0.2457,0,0.253573,0,0.247933,800,false
0.5,0.75,1,250000,0,0.247969,0,0.255437,0,0.249511,0,0.247083,800,false
0.5,0.75,1,500000,0,0.252103,0,0.254325,0,0.245072,0,0.2485,800,false
0.55,0.75,1,1000,0,0.253834,9.375e-06,0.247773,0.00150938,0.242809,0.00158281,0.252481,800,false
0.5,0.75,1,500000,0,0.251905,0,0.250158,0,0.247964,0,0.249973,800,false
0.55,0.75,1,10000,0,0.253827,0,0.247236,0,0.246327,0,0.252611,800,false
0.55,0.75,1,1000,0,0.251744,0.000428125,0.244605,0.00220312,0.245098,0.00172656,0.254195,800,false
0.55,0.75,1,10000,0,0.257878,0,0.248183,0,0.249945,0,0.243994,800,false
0.55,0.75,1,50000,0,0.245186,0,0.256973,0,0.245873,0,0.251967,800,false
0.55,0.75,1,50000,0,0.248089,0,0.248606,0,0.2537,0,0.249605,800,false
0.55,0.75,1,100000,0,0.246572,0,0.257772,0,0.253731,0,0.241925,800,false
0.55,0.75,1,100000,0,0.249823,0,0.249073,0,0.254417,0,0.246686,800,false
0.55,0.75,1,250000,0,0.251669,0,0.248797,0,0.247702,0,0.251833,800,false
0.55,0.75,1,250000,0,0.247703,0,0.247019,0,0.256595,0,0.248683,800,false
0.55,0.75,1,500000,0,0.252936,0,0.2554,0,0.242383,0,0.249281,800,false
0.6,0.75,1,1000,0,0.259512,0,0.240259,0.000417188,0.244142,0.000885938,0.254783,800,false
0.55,0.75,1,500000,0,0.254252,0,0.250503,0,0.241398,0,0.253847,800,false
0.6,0.75,1,1000,0,0.245391,0,0.251955,0.000628125,0.248703,0.00054375,0.25278,800,false
0.6,0.75,1,10000,0,0.250639,0,0.248255,0,0.251394,0,0.249713,800,false
0.6,0.75,1,10000,0,0.242025,0,0.247645,0,0.258594,0,0.251736,800,false
0.6,0.75,1,50000,0,0.240597,0,0.249978,0,0.2578,0,0.251625,800,false
0.6,0.75,1,50000,0,0.248009,0,0.251334,0,0.249697,0,0.250959,800,false
0.6,0.75,1,100000,0,0.242266,0,0.248291,0,0.253992,0,0.255452,800,false
0.6,0.75,1,100000,0,0.256873,0,0.251123,0,0.241898,0,0.250105,800,false
0.6,0.75,1,250000,0,0.254005,0,0.251631,0,0.244467,0,0.249897,800,false
0.6,0.75,1,250000,0,0.242875,0,0.256566,0,0.247542,0,0.253017,800,false
0.6,0.75,1,500000,0,0.25388,0,0.241378,0,0.250864,0,0.253878,800,false
0.65,0.75,1,1000,0,0.247311,0,0.241639,0.000153125,0.250148,0,0.260748,800,false
0.6,0.75,1,500000,0,0.249166,0,0.248441,0,0.245717,0,0.256677,800,false
0.65,0.75,1,1000,0,0.250656,0,0.246517,0,0.253748,0,0.249078,800,false
0.65,0.75,1,10000,0,0.244695,0,0.253336,0,0.255391,0,0.246578,800,false
0.65,0.75,1,10000,0,0.252581,0,0.249797,0,0.244291,0,0.253331,800,false
0.65,0.75,1,50000,0,0.246733,0,0.255597,0,0.252177,0,0.245494,800,false
0.65,0.75,1,50000,0,0.24438,0,0.252608,0,0.255148,0,0.247864,800,false
0.65,0.75,1,100000,0,0.243363,0,0.244597,0,0.253542,0,0.258498,800,false
0.65,0.75,1,100000,0,0.252944,0,0.243284,0,0.246787,0,0.256984,800,false
0.65,0.75,1,250000,0,0.246613,0,0.256572,0,0.251513,0,0.245303,800,false
0.65,0.75,1,250000,0,0.256334,0,0.257286,0,0.246797,0,0.239583,800,false
